file,line,type,commit,author,date,time,timezone,datetime,depth,length
style.css,1,css,eeb5972a,Rosey G,2025-01-17,21:17:42,-08:00,2025-01-17T21:17:42-08:00,0,6
style.css,2,css,47285b26,Rosey G,2025-01-24,00:02:33,-08:00,2025-01-24T00:02:33-08:00,0,32
style.css,3,css,ac0d9533,Rosey G,2025-01-24,00:36:24,-08:00,2025-01-24T00:36:24-08:00,0,65
style.css,4,css,47285b26,Rosey G,2025-01-24,00:02:33,-08:00,2025-01-24T00:02:33-08:00,0,44
style.css,5,css,815e03dc,Rosey G,2025-01-31,20:46:41,-08:00,2025-01-31T20:46:41-08:00,0,50
style.css,6,css,a8f0fefc,Rosey G,2025-01-23,21:34:49,-08:00,2025-01-23T21:34:49-08:00,0,0
style.css,7,css,a8f0fefc,Rosey G,2025-01-23,21:34:49,-08:00,2025-01-23T21:34:49-08:00,0,0
style.css,8,css,a8f0fefc,Rosey G,2025-01-23,21:34:49,-08:00,2025-01-23T21:34:49-08:00,0,36
style.css,9,css,a8f0fefc,Rosey G,2025-01-23,21:34:49,-08:00,2025-01-23T21:34:49-08:00,0,6
style.css,10,css,47285b26,Rosey G,2025-01-24,00:02:33,-08:00,2025-01-24T00:02:33-08:00,0,52
style.css,11,css,a8f0fefc,Rosey G,2025-01-23,21:34:49,-08:00,2025-01-23T21:34:49-08:00,0,0
style.css,12,css,a8f0fefc,Rosey G,2025-01-23,21:34:49,-08:00,2025-01-23T21:34:49-08:00,0,0
style.css,13,css,a8f0fefc,Rosey G,2025-01-23,21:34:49,-08:00,2025-01-23T21:34:49-08:00,0,0
style.css,14,css,a8f0fefc,Rosey G,2025-01-23,21:34:49,-08:00,2025-01-23T21:34:49-08:00,0,37
style.css,15,css,a8f0fefc,Rosey G,2025-01-23,21:34:49,-08:00,2025-01-23T21:34:49-08:00,0,6
style.css,16,css,47285b26,Rosey G,2025-01-24,00:02:33,-08:00,2025-01-24T00:02:33-08:00,0,54
style.css,17,css,a8f0fefc,Rosey G,2025-01-23,21:34:49,-08:00,2025-01-23T21:34:49-08:00,0,0
style.css,18,css,eeb5972a,Rosey G,2025-01-17,21:17:42,-08:00,2025-01-17T21:17:42-08:00,0,0
style.css,19,css,eeb5972a,Rosey G,2025-01-17,21:17:42,-08:00,2025-01-17T21:17:42-08:00,0,0
style.css,20,css,eeb5972a,Rosey G,2025-01-17,21:17:42,-08:00,2025-01-17T21:17:42-08:00,0,55
style.css,21,css,eeb5972a,Rosey G,2025-01-17,21:17:42,-08:00,2025-01-17T21:17:42-08:00,0,5
style.css,22,css,24ba0e9b,Rosey G,2025-01-24,00:21:12,-08:00,2025-01-24T00:21:12-08:00,0,38
style.css,23,css,0d7aaf0f,Rosey G,2025-01-23,21:27:20,-08:00,2025-01-23T21:27:20-08:00,0,50
style.css,24,css,eeb5972a,Rosey G,2025-01-17,21:17:42,-08:00,2025-01-17T21:17:42-08:00,0,0
style.css,25,css,eeb5972a,Rosey G,2025-01-17,21:17:42,-08:00,2025-01-17T21:17:42-08:00,0,0
style.css,26,css,0d7aaf0f,Rosey G,2025-01-23,21:27:20,-08:00,2025-01-23T21:27:20-08:00,0,27
style.css,27,css,0d7aaf0f,Rosey G,2025-01-23,21:27:20,-08:00,2025-01-23T21:27:20-08:00,0,14
style.css,28,css,47285b26,Rosey G,2025-01-24,00:02:33,-08:00,2025-01-24T00:02:33-08:00,0,77
style.css,29,css,c7ff38b2,Rosey G,2025-01-24,00:50:14,-08:00,2025-01-24T00:50:14-08:00,0,39
style.css,30,css,47285b26,Rosey G,2025-01-24,00:02:33,-08:00,2025-01-24T00:02:33-08:00,0,41
style.css,31,css,24ba0e9b,Rosey G,2025-01-24,00:21:12,-08:00,2025-01-24T00:21:12-08:00,0,56
style.css,32,css,37b9adb7,Rosey G,2025-01-24,08:50:41,-08:00,2025-01-24T08:50:41-08:00,0,14
style.css,33,css,47285b26,Rosey G,2025-01-24,00:02:33,-08:00,2025-01-24T00:02:33-08:00,0,20
style.css,34,css,24ba0e9b,Rosey G,2025-01-24,00:21:12,-08:00,2025-01-24T00:21:12-08:00,0,54
style.css,35,css,ac0d9533,Rosey G,2025-01-24,00:36:24,-08:00,2025-01-24T00:36:24-08:00,0,12
style.css,36,css,47285b26,Rosey G,2025-01-24,00:02:33,-08:00,2025-01-24T00:02:33-08:00,0,43
style.css,37,css,ec043197,Rosey G,2025-01-24,10:23:03,-08:00,2025-01-24T10:23:03-08:00,0,59
style.css,38,css,0d7aaf0f,Rosey G,2025-01-23,21:27:20,-08:00,2025-01-23T21:27:20-08:00,0,0
style.css,39,css,0d7aaf0f,Rosey G,2025-01-23,21:27:20,-08:00,2025-01-23T21:27:20-08:00,0,0
style.css,40,css,1cf76f2f,Rosey G,2025-01-23,22:37:36,-08:00,2025-01-23T22:37:36-08:00,0,21
style.css,41,css,c7ff38b2,Rosey G,2025-01-24,00:50:14,-08:00,2025-01-24T00:50:14-08:00,0,55
style.css,42,css,ac0d9533,Rosey G,2025-01-24,00:36:24,-08:00,2025-01-24T00:36:24-08:00,0,50
style.css,43,css,47285b26,Rosey G,2025-01-24,00:02:33,-08:00,2025-01-24T00:02:33-08:00,0,49
style.css,44,css,815e03dc,Rosey G,2025-01-31,20:46:41,-08:00,2025-01-31T20:46:41-08:00,0,66
style.css,45,css,1cf76f2f,Rosey G,2025-01-23,22:37:36,-08:00,2025-01-23T22:37:36-08:00,0,0
style.css,46,css,1cf76f2f,Rosey G,2025-01-23,22:37:36,-08:00,2025-01-23T22:37:36-08:00,0,0
style.css,47,css,c8ccbaab,Rosey G,2025-01-24,00:28:16,-08:00,2025-01-24T00:28:16-08:00,0,5
style.css,48,css,c8ccbaab,Rosey G,2025-01-24,00:28:16,-08:00,2025-01-24T00:28:16-08:00,0,44
style.css,49,css,c8ccbaab,Rosey G,2025-01-24,00:28:16,-08:00,2025-01-24T00:28:16-08:00,0,43
style.css,50,css,c8ccbaab,Rosey G,2025-01-24,00:28:16,-08:00,2025-01-24T00:28:16-08:00,0,1
style.css,51,css,c8ccbaab,Rosey G,2025-01-24,00:28:16,-08:00,2025-01-24T00:28:16-08:00,0,24
style.css,52,css,c8ccbaab,Rosey G,2025-01-24,00:28:16,-08:00,2025-01-24T00:28:16-08:00,0,0
style.css,53,css,c8ccbaab,Rosey G,2025-01-24,00:28:16,-08:00,2025-01-24T00:28:16-08:00,0,33
style.css,54,css,b4a6c862,Rosey G,2025-02-07,21:25:21,-08:00,2025-02-07T21:25:21-08:00,0,16
style.css,55,css,c8ccbaab,Rosey G,2025-01-24,00:28:16,-08:00,2025-01-24T00:28:16-08:00,0,0
style.css,56,css,c8ccbaab,Rosey G,2025-01-24,00:28:16,-08:00,2025-01-24T00:28:16-08:00,0,19
style.css,57,css,c8ccbaab,Rosey G,2025-01-24,00:28:16,-08:00,2025-01-24T00:28:16-08:00,0,19
style.css,58,css,c8ccbaab,Rosey G,2025-01-24,00:28:16,-08:00,2025-01-24T00:28:16-08:00,0,0
style.css,59,css,c8ccbaab,Rosey G,2025-01-24,00:28:16,-08:00,2025-01-24T00:28:16-08:00,0,42
style.css,60,css,c8ccbaab,Rosey G,2025-01-24,00:28:16,-08:00,2025-01-24T00:28:16-08:00,0,12
style.css,61,css,c8ccbaab,Rosey G,2025-01-24,00:28:16,-08:00,2025-01-24T00:28:16-08:00,0,0
style.css,62,css,c8ccbaab,Rosey G,2025-01-24,00:28:16,-08:00,2025-01-24T00:28:16-08:00,0,0
style.css,63,css,c8ccbaab,Rosey G,2025-01-24,00:28:16,-08:00,2025-01-24T00:28:16-08:00,0,4
style.css,64,css,114b6c56,Rosey G,2025-01-24,00:55:52,-08:00,2025-01-24T00:55:52-08:00,0,18
style.css,65,css,cd5884ac,Rosey G,2025-01-17,20:48:43,-08:00,2025-01-17T20:48:43-08:00,0,52
style.css,66,css,89c94574,Rosey G,2025-01-17,21:00:00,-08:00,2025-01-17T21:00:00-08:00,0,59
style.css,67,css,89c94574,Rosey G,2025-01-17,21:00:00,-08:00,2025-01-17T21:00:00-08:00,0,48
style.css,68,css,24ba0e9b,Rosey G,2025-01-24,00:21:12,-08:00,2025-01-24T00:21:12-08:00,0,73
style.css,69,css,0d7aaf0f,Rosey G,2025-01-23,21:27:20,-08:00,2025-01-23T21:27:20-08:00,0,40
style.css,70,css,0d7aaf0f,Rosey G,2025-01-23,21:27:20,-08:00,2025-01-23T21:27:20-08:00,0,40
style.css,71,css,90fb3e9b,Rosey G,2025-01-23,23:39:01,-08:00,2025-01-23T23:39:01-08:00,0,10
style.css,72,css,cd5884ac,Rosey G,2025-01-17,20:48:43,-08:00,2025-01-17T20:48:43-08:00,0,0
style.css,73,css,cd5884ac,Rosey G,2025-01-17,20:48:43,-08:00,2025-01-17T20:48:43-08:00,0,0
style.css,74,css,cdb89322,Rosey G,2025-01-17,21:04:51,-08:00,2025-01-17T21:04:51-08:00,0,6
style.css,75,css,cd5884ac,Rosey G,2025-01-17,20:48:43,-08:00,2025-01-17T20:48:43-08:00,0,57
style.css,76,css,b3dcc8a0,Rosey G,2025-01-17,20:53:52,-08:00,2025-01-17T20:53:52-08:00,0,54
style.css,77,css,b3dcc8a0,Rosey G,2025-01-17,20:53:52,-08:00,2025-01-17T20:53:52-08:00,0,78
style.css,78,css,eeb5972a,Rosey G,2025-01-17,21:17:42,-08:00,2025-01-17T21:17:42-08:00,0,57
style.css,79,css,eeb5972a,Rosey G,2025-01-17,21:17:42,-08:00,2025-01-17T21:17:42-08:00,0,51
style.css,80,css,235710ef,Rosey G,2025-01-17,21:25:39,-08:00,2025-01-17T21:25:39-08:00,0,51
style.css,81,css,eeb5972a,Rosey G,2025-01-17,21:17:42,-08:00,2025-01-17T21:17:42-08:00,0,0
style.css,82,css,eeb5972a,Rosey G,2025-01-17,21:17:42,-08:00,2025-01-17T21:17:42-08:00,0,0
style.css,83,css,eeb5972a,Rosey G,2025-01-17,21:17:42,-08:00,2025-01-17T21:17:42-08:00,0,36
style.css,84,css,eeb5972a,Rosey G,2025-01-17,21:17:42,-08:00,2025-01-17T21:17:42-08:00,0,14
style.css,85,css,eeb5972a,Rosey G,2025-01-17,21:17:42,-08:00,2025-01-17T21:17:42-08:00,0,72
style.css,86,css,eeb5972a,Rosey G,2025-01-17,21:17:42,-08:00,2025-01-17T21:17:42-08:00,0,69
style.css,87,css,eeb5972a,Rosey G,2025-01-17,21:17:42,-08:00,2025-01-17T21:17:42-08:00,0,0
style.css,88,css,eeb5972a,Rosey G,2025-01-17,21:17:42,-08:00,2025-01-17T21:17:42-08:00,0,0
style.css,89,css,eeb5972a,Rosey G,2025-01-17,21:17:42,-08:00,2025-01-17T21:17:42-08:00,0,39
style.css,90,css,eeb5972a,Rosey G,2025-01-17,21:17:42,-08:00,2025-01-17T21:17:42-08:00,0,12
style.css,91,css,eeb5972a,Rosey G,2025-01-17,21:17:42,-08:00,2025-01-17T21:17:42-08:00,0,74
style.css,92,css,0d7aaf0f,Rosey G,2025-01-23,21:27:20,-08:00,2025-01-23T21:27:20-08:00,0,111
style.css,93,css,eeb5972a,Rosey G,2025-01-17,21:17:42,-08:00,2025-01-17T21:17:42-08:00,0,67
style.css,94,css,d04c5e51,Rosey G,2025-01-17,22:04:56,-08:00,2025-01-17T22:04:56-08:00,0,0
style.css,95,css,d04c5e51,Rosey G,2025-01-17,22:04:56,-08:00,2025-01-17T22:04:56-08:00,0,0
style.css,96,css,d04c5e51,Rosey G,2025-01-17,22:04:56,-08:00,2025-01-17T22:04:56-08:00,0,5
style.css,97,css,0cddc77a,Rosey G,2025-01-17,22:19:17,-08:00,2025-01-17T22:19:17-08:00,0,51
style.css,98,css,48ffe168,Rosey G,2025-01-17,22:41:30,-08:00,2025-01-17T22:41:30-08:00,0,68
style.css,99,css,0cddc77a,Rosey G,2025-01-17,22:19:17,-08:00,2025-01-17T22:19:17-08:00,0,51
style.css,100,css,48ffe168,Rosey G,2025-01-17,22:41:30,-08:00,2025-01-17T22:41:30-08:00,0,58
style.css,101,css,d04c5e51,Rosey G,2025-01-17,22:04:56,-08:00,2025-01-17T22:04:56-08:00,0,49
style.css,102,css,d04c5e51,Rosey G,2025-01-17,22:04:56,-08:00,2025-01-17T22:04:56-08:00,0,0
style.css,103,css,d04c5e51,Rosey G,2025-01-17,22:04:56,-08:00,2025-01-17T22:04:56-08:00,0,0
style.css,104,css,d04c5e51,Rosey G,2025-01-17,22:04:56,-08:00,2025-01-17T22:04:56-08:00,0,6
style.css,105,css,580dc879,Rosey G,2025-01-17,22:48:54,-08:00,2025-01-17T22:48:54-08:00,0,99
style.css,106,css,0cddc77a,Rosey G,2025-01-17,22:19:17,-08:00,2025-01-17T22:19:17-08:00,0,0
style.css,107,css,0cddc77a,Rosey G,2025-01-17,22:19:17,-08:00,2025-01-17T22:19:17-08:00,0,0
style.css,108,css,0cddc77a,Rosey G,2025-01-17,22:19:17,-08:00,2025-01-17T22:19:17-08:00,0,11
style.css,109,css,0cddc77a,Rosey G,2025-01-17,22:19:17,-08:00,2025-01-17T22:19:17-08:00,0,61
style.css,110,css,580dc879,Rosey G,2025-01-17,22:48:54,-08:00,2025-01-17T22:48:54-08:00,0,59
style.css,111,css,580dc879,Rosey G,2025-01-17,22:48:54,-08:00,2025-01-17T22:48:54-08:00,0,63
style.css,112,css,580dc879,Rosey G,2025-01-17,22:48:54,-08:00,2025-01-17T22:48:54-08:00,0,60
style.css,113,css,d04c5e51,Rosey G,2025-01-17,22:04:56,-08:00,2025-01-17T22:04:56-08:00,0,0
style.css,114,css,d04c5e51,Rosey G,2025-01-17,22:04:56,-08:00,2025-01-17T22:04:56-08:00,0,0
style.css,115,css,48ffe168,Rosey G,2025-01-17,22:41:30,-08:00,2025-01-17T22:41:30-08:00,0,16
style.css,116,css,0cddc77a,Rosey G,2025-01-17,22:19:17,-08:00,2025-01-17T22:19:17-08:00,0,63
style.css,117,css,48ffe168,Rosey G,2025-01-17,22:41:30,-08:00,2025-01-17T22:41:30-08:00,0,55
style.css,118,css,0cddc77a,Rosey G,2025-01-17,22:19:17,-08:00,2025-01-17T22:19:17-08:00,0,46
style.css,119,css,b9726fe7,Rosey G,2025-01-17,22:13:30,-08:00,2025-01-17T22:13:30-08:00,0,61
style.css,120,css,0cddc77a,Rosey G,2025-01-17,22:19:17,-08:00,2025-01-17T22:19:17-08:00,0,52
style.css,121,css,48ffe168,Rosey G,2025-01-17,22:41:30,-08:00,2025-01-17T22:41:30-08:00,0,68
style.css,122,css,d04c5e51,Rosey G,2025-01-17,22:04:56,-08:00,2025-01-17T22:04:56-08:00,0,0
style.css,123,css,d04c5e51,Rosey G,2025-01-17,22:04:56,-08:00,2025-01-17T22:04:56-08:00,0,0
style.css,124,css,d04c5e51,Rosey G,2025-01-17,22:04:56,-08:00,2025-01-17T22:04:56-08:00,0,7
style.css,125,css,0cddc77a,Rosey G,2025-01-17,22:19:17,-08:00,2025-01-17T22:19:17-08:00,0,65
style.css,126,css,48ffe168,Rosey G,2025-01-17,22:41:30,-08:00,2025-01-17T22:41:30-08:00,0,57
style.css,127,css,48ffe168,Rosey G,2025-01-17,22:41:30,-08:00,2025-01-17T22:41:30-08:00,0,57
style.css,128,css,48ffe168,Rosey G,2025-01-17,22:41:30,-08:00,2025-01-17T22:41:30-08:00,0,40
style.css,129,css,48ffe168,Rosey G,2025-01-17,22:41:30,-08:00,2025-01-17T22:41:30-08:00,0,78
style.css,130,css,48ffe168,Rosey G,2025-01-17,22:41:30,-08:00,2025-01-17T22:41:30-08:00,0,41
style.css,131,css,48ffe168,Rosey G,2025-01-17,22:41:30,-08:00,2025-01-17T22:41:30-08:00,0,52
style.css,132,css,0cddc77a,Rosey G,2025-01-17,22:19:17,-08:00,2025-01-17T22:19:17-08:00,0,45
style.css,133,css,b9726fe7,Rosey G,2025-01-17,22:13:30,-08:00,2025-01-17T22:13:30-08:00,0,64
style.css,134,css,d04c5e51,Rosey G,2025-01-17,22:04:56,-08:00,2025-01-17T22:04:56-08:00,0,0
style.css,135,css,d04c5e51,Rosey G,2025-01-17,22:04:56,-08:00,2025-01-17T22:04:56-08:00,0,0
style.css,136,css,d04c5e51,Rosey G,2025-01-17,22:04:56,-08:00,2025-01-17T22:04:56-08:00,0,13
style.css,137,css,48ffe168,Rosey G,2025-01-17,22:41:30,-08:00,2025-01-17T22:41:30-08:00,0,73
style.css,138,css,414738b4,Rosey G,2025-01-17,23:14:34,-08:00,2025-01-17T23:14:34-08:00,0,0
style.css,139,css,414738b4,Rosey G,2025-01-17,23:14:34,-08:00,2025-01-17T23:14:34-08:00,0,0
style.css,140,css,414738b4,Rosey G,2025-01-17,23:14:34,-08:00,2025-01-17T23:14:34-08:00,0,10
style.css,141,css,414738b4,Rosey G,2025-01-17,23:14:34,-08:00,2025-01-17T23:14:34-08:00,0,51
style.css,142,css,414738b4,Rosey G,2025-01-17,23:14:34,-08:00,2025-01-17T23:14:34-08:00,0,88
style.css,143,css,414738b4,Rosey G,2025-01-17,23:14:34,-08:00,2025-01-17T23:14:34-08:00,0,47
style.css,144,css,414738b4,Rosey G,2025-01-17,23:14:34,-08:00,2025-01-17T23:14:34-08:00,0,58
style.css,145,css,414738b4,Rosey G,2025-01-17,23:14:34,-08:00,2025-01-17T23:14:34-08:00,0,0
style.css,146,css,5c8c2c4a,Rosey G,2025-01-17,23:21:21,-08:00,2025-01-17T23:21:21-08:00,0,0
style.css,147,css,5c8c2c4a,Rosey G,2025-01-17,23:21:21,-08:00,2025-01-17T23:21:21-08:00,0,18
style.css,148,css,5c8c2c4a,Rosey G,2025-01-17,23:21:21,-08:00,2025-01-17T23:21:21-08:00,0,56
style.css,149,css,5fe3d710,Rosey G,2025-01-17,23:28:01,-08:00,2025-01-17T23:28:01-08:00,0,87
style.css,150,css,5c8c2c4a,Rosey G,2025-01-17,23:21:21,-08:00,2025-01-17T23:21:21-08:00,0,63
style.css,151,css,5c8c2c4a,Rosey G,2025-01-17,23:21:21,-08:00,2025-01-17T23:21:21-08:00,0,46
style.css,152,css,5c8c2c4a,Rosey G,2025-01-17,23:21:21,-08:00,2025-01-17T23:21:21-08:00,0,58
style.css,153,css,5c8c2c4a,Rosey G,2025-01-17,23:21:21,-08:00,2025-01-17T23:21:21-08:00,0,51
style.css,154,css,a8f0fefc,Rosey G,2025-01-23,21:34:49,-08:00,2025-01-23T21:34:49-08:00,0,64
style.css,155,css,5c8c2c4a,Rosey G,2025-01-17,23:21:21,-08:00,2025-01-17T23:21:21-08:00,0,0
style.css,156,css,5c8c2c4a,Rosey G,2025-01-17,23:21:21,-08:00,2025-01-17T23:21:21-08:00,0,0
style.css,157,css,5c8c2c4a,Rosey G,2025-01-17,23:21:21,-08:00,2025-01-17T23:21:21-08:00,0,13
style.css,158,css,5fe3d710,Rosey G,2025-01-17,23:28:01,-08:00,2025-01-17T23:28:01-08:00,0,52
style.css,159,css,5c8c2c4a,Rosey G,2025-01-17,23:21:21,-08:00,2025-01-17T23:21:21-08:00,0,64
style.css,160,css,5c8c2c4a,Rosey G,2025-01-17,23:21:21,-08:00,2025-01-17T23:21:21-08:00,0,42
style.css,161,css,5c8c2c4a,Rosey G,2025-01-17,23:21:21,-08:00,2025-01-17T23:21:21-08:00,0,46
style.css,162,css,5c8c2c4a,Rosey G,2025-01-17,23:21:21,-08:00,2025-01-17T23:21:21-08:00,0,0
style.css,163,css,5c8c2c4a,Rosey G,2025-01-17,23:21:21,-08:00,2025-01-17T23:21:21-08:00,0,0
style.css,164,css,5c8c2c4a,Rosey G,2025-01-17,23:21:21,-08:00,2025-01-17T23:21:21-08:00,0,14
style.css,165,css,5fe3d710,Rosey G,2025-01-17,23:28:01,-08:00,2025-01-17T23:28:01-08:00,0,51
style.css,166,css,5c8c2c4a,Rosey G,2025-01-17,23:21:21,-08:00,2025-01-17T23:21:21-08:00,0,40
style.css,167,css,5c8c2c4a,Rosey G,2025-01-17,23:21:21,-08:00,2025-01-17T23:21:21-08:00,0,59
style.css,168,css,5c8c2c4a,Rosey G,2025-01-17,23:21:21,-08:00,2025-01-17T23:21:21-08:00,0,40
style.css,169,css,5c8c2c4a,Rosey G,2025-01-17,23:21:21,-08:00,2025-01-17T23:21:21-08:00,0,59
style.css,170,css,5c8c2c4a,Rosey G,2025-01-17,23:21:21,-08:00,2025-01-17T23:21:21-08:00,0,0
style.css,171,css,5c8c2c4a,Rosey G,2025-01-17,23:21:21,-08:00,2025-01-17T23:21:21-08:00,0,0
style.css,172,css,5c8c2c4a,Rosey G,2025-01-17,23:21:21,-08:00,2025-01-17T23:21:21-08:00,0,12
style.css,173,css,5fe3d710,Rosey G,2025-01-17,23:28:01,-08:00,2025-01-17T23:28:01-08:00,0,54
style.css,174,css,5c8c2c4a,Rosey G,2025-01-17,23:21:21,-08:00,2025-01-17T23:21:21-08:00,0,49
style.css,175,css,5c8c2c4a,Rosey G,2025-01-17,23:21:21,-08:00,2025-01-17T23:21:21-08:00,0,42
style.css,176,css,5c8c2c4a,Rosey G,2025-01-17,23:21:21,-08:00,2025-01-17T23:21:21-08:00,0,70
style.css,177,css,f8d0ea5f,Rosey G,2025-01-17,23:38:11,-08:00,2025-01-17T23:38:11-08:00,0,0
style.css,178,css,f8d0ea5f,Rosey G,2025-01-17,23:38:11,-08:00,2025-01-17T23:38:11-08:00,0,0
style.css,179,css,60249a7a,Rosey G,2025-02-07,17:17:20,-08:00,2025-02-07T17:17:20-08:00,0,10
style.css,180,css,60249a7a,Rosey G,2025-02-07,17:17:20,-08:00,2025-02-07T17:17:20-08:00,0,54
style.css,181,css,60249a7a,Rosey G,2025-02-07,17:17:20,-08:00,2025-02-07T17:17:20-08:00,0,0
style.css,182,css,60249a7a,Rosey G,2025-02-07,17:17:20,-08:00,2025-02-07T17:17:20-08:00,0,0
style.css,183,css,60249a7a,Rosey G,2025-02-07,17:17:20,-08:00,2025-02-07T17:17:20-08:00,0,14
style.css,184,css,60249a7a,Rosey G,2025-02-07,17:17:20,-08:00,2025-02-07T17:17:20-08:00,0,53
style.css,185,css,60249a7a,Rosey G,2025-02-07,17:17:20,-08:00,2025-02-07T17:17:20-08:00,0,48
style.css,186,css,b4a6c862,Rosey G,2025-02-07,21:25:21,-08:00,2025-02-07T21:25:21-08:00,0,43
style.css,187,css,aceb6dc8,Rosey G,2025-02-07,23:32:11,-08:00,2025-02-07T23:32:11-08:00,0,37
style.css,188,css,b4a6c862,Rosey G,2025-02-07,21:25:21,-08:00,2025-02-07T21:25:21-08:00,0,0
style.css,189,css,b4a6c862,Rosey G,2025-02-07,21:25:21,-08:00,2025-02-07T21:25:21-08:00,0,0
style.css,190,css,b4a6c862,Rosey G,2025-02-07,21:25:21,-08:00,2025-02-07T21:25:21-08:00,0,19
style.css,191,css,b4a6c862,Rosey G,2025-02-07,21:25:21,-08:00,2025-02-07T21:25:21-08:00,0,15
style.css,192,css,b4a6c862,Rosey G,2025-02-07,21:25:21,-08:00,2025-02-07T21:25:21-08:00,0,17
style.css,193,css,b4a6c862,Rosey G,2025-02-07,21:25:21,-08:00,2025-02-07T21:25:21-08:00,0,0
style.css,194,css,b4a6c862,Rosey G,2025-02-07,21:25:21,-08:00,2025-02-07T21:25:21-08:00,0,17
style.css,195,css,b4a6c862,Rosey G,2025-02-07,21:25:21,-08:00,2025-02-07T21:25:21-08:00,0,0
style.css,196,css,b4a6c862,Rosey G,2025-02-07,21:25:21,-08:00,2025-02-07T21:25:21-08:00,0,0
style.css,197,css,b4a6c862,Rosey G,2025-02-07,21:25:21,-08:00,2025-02-07T21:25:21-08:00,0,19
style.css,198,css,b4a6c862,Rosey G,2025-02-07,21:25:21,-08:00,2025-02-07T21:25:21-08:00,0,11
style.css,199,css,b4a6c862,Rosey G,2025-02-07,21:25:21,-08:00,2025-02-07T21:25:21-08:00,0,13
style.css,200,css,b4a6c862,Rosey G,2025-02-07,21:25:21,-08:00,2025-02-07T21:25:21-08:00,0,54
style.css,201,css,b4a6c862,Rosey G,2025-02-07,21:25:21,-08:00,2025-02-07T21:25:21-08:00,0,47
style.css,202,css,7a4f8eb0,Rosey G,2025-02-08,18:10:46,-08:00,2025-02-08T18:10:46-08:00,0,15
style.css,203,css,b4a6c862,Rosey G,2025-02-07,21:25:21,-08:00,2025-02-07T21:25:21-08:00,0,0
style.css,204,css,b4a6c862,Rosey G,2025-02-07,21:25:21,-08:00,2025-02-07T21:25:21-08:00,0,0
style.css,205,css,b4a6c862,Rosey G,2025-02-07,21:25:21,-08:00,2025-02-07T21:25:21-08:00,0,16
style.css,206,css,b4a6c862,Rosey G,2025-02-07,21:25:21,-08:00,2025-02-07T21:25:21-08:00,0,33
style.css,207,css,b4a6c862,Rosey G,2025-02-07,21:25:21,-08:00,2025-02-07T21:25:21-08:00,0,11
style.css,208,css,b4a6c862,Rosey G,2025-02-07,21:25:21,-08:00,2025-02-07T21:25:21-08:00,0,19
style.css,209,css,b4a6c862,Rosey G,2025-02-07,21:25:21,-08:00,2025-02-07T21:25:21-08:00,0,66
style.css,210,css,b4a6c862,Rosey G,2025-02-07,21:25:21,-08:00,2025-02-07T21:25:21-08:00,0,52
style.css,211,css,7a4f8eb0,Rosey G,2025-02-08,18:10:46,-08:00,2025-02-08T18:10:46-08:00,0,15
style.css,212,css,b4a6c862,Rosey G,2025-02-07,21:25:21,-08:00,2025-02-07T21:25:21-08:00,0,0
style.css,213,css,b4a6c862,Rosey G,2025-02-07,21:25:21,-08:00,2025-02-07T21:25:21-08:00,0,0
style.css,214,css,b4a6c862,Rosey G,2025-02-07,21:25:21,-08:00,2025-02-07T21:25:21-08:00,0,11
style.css,215,css,b4a6c862,Rosey G,2025-02-07,21:25:21,-08:00,2025-02-07T21:25:21-08:00,0,45
style.css,216,css,b4a6c862,Rosey G,2025-02-07,21:25:21,-08:00,2025-02-07T21:25:21-08:00,0,53
style.css,217,css,b4a6c862,Rosey G,2025-02-07,21:25:21,-08:00,2025-02-07T21:25:21-08:00,0,67
style.css,218,css,b4a6c862,Rosey G,2025-02-07,21:25:21,-08:00,2025-02-07T21:25:21-08:00,0,58
style.css,219,css,b4a6c862,Rosey G,2025-02-07,21:25:21,-08:00,2025-02-07T21:25:21-08:00,0,48
style.css,220,css,b4a6c862,Rosey G,2025-02-07,21:25:21,-08:00,2025-02-07T21:25:21-08:00,0,0
style.css,221,css,b4a6c862,Rosey G,2025-02-07,21:25:21,-08:00,2025-02-07T21:25:21-08:00,0,0
style.css,222,css,b4a6c862,Rosey G,2025-02-07,21:25:21,-08:00,2025-02-07T21:25:21-08:00,0,17
style.css,223,css,b4a6c862,Rosey G,2025-02-07,21:25:21,-08:00,2025-02-07T21:25:21-08:00,0,63
style.css,224,css,b4a6c862,Rosey G,2025-02-07,21:25:21,-08:00,2025-02-07T21:25:21-08:00,0,50
style.css,225,css,b4a6c862,Rosey G,2025-02-07,21:25:21,-08:00,2025-02-07T21:25:21-08:00,0,55
style.css,226,css,b4a6c862,Rosey G,2025-02-07,21:25:21,-08:00,2025-02-07T21:25:21-08:00,0,0
style.css,227,css,b4a6c862,Rosey G,2025-02-07,21:25:21,-08:00,2025-02-07T21:25:21-08:00,0,0
style.css,228,css,b4a6c862,Rosey G,2025-02-07,21:25:21,-08:00,2025-02-07T21:25:21-08:00,0,4
style.css,229,css,b4a6c862,Rosey G,2025-02-07,21:25:21,-08:00,2025-02-07T21:25:21-08:00,0,48
style.css,230,css,b4a6c862,Rosey G,2025-02-07,21:25:21,-08:00,2025-02-07T21:25:21-08:00,0,45
style.css,231,css,b4a6c862,Rosey G,2025-02-07,21:25:21,-08:00,2025-02-07T21:25:21-08:00,0,50
style.css,232,css,b4a6c862,Rosey G,2025-02-07,21:25:21,-08:00,2025-02-07T21:25:21-08:00,0,0
style.css,233,css,b4a6c862,Rosey G,2025-02-07,21:25:21,-08:00,2025-02-07T21:25:21-08:00,0,0
style.css,234,css,b4a6c862,Rosey G,2025-02-07,21:25:21,-08:00,2025-02-07T21:25:21-08:00,0,8
style.css,235,css,b4a6c862,Rosey G,2025-02-07,21:25:21,-08:00,2025-02-07T21:25:21-08:00,0,53
style.css,236,css,b4a6c862,Rosey G,2025-02-07,21:25:21,-08:00,2025-02-07T21:25:21-08:00,0,13
style.css,237,css,b4a6c862,Rosey G,2025-02-07,21:25:21,-08:00,2025-02-07T21:25:21-08:00,0,84
style.css,238,css,b4a6c862,Rosey G,2025-02-07,21:25:21,-08:00,2025-02-07T21:25:21-08:00,0,9
style.css,239,css,b4a6c862,Rosey G,2025-02-07,21:25:21,-08:00,2025-02-07T21:25:21-08:00,0,13
style.css,240,css,b4a6c862,Rosey G,2025-02-07,21:25:21,-08:00,2025-02-07T21:25:21-08:00,0,22
style.css,241,css,b4a6c862,Rosey G,2025-02-07,21:25:21,-08:00,2025-02-07T21:25:21-08:00,0,29
style.css,242,css,b4a6c862,Rosey G,2025-02-07,21:25:21,-08:00,2025-02-07T21:25:21-08:00,0,21
style.css,243,css,60249a7a,Rosey G,2025-02-07,17:17:20,-08:00,2025-02-07T17:17:20-08:00,0,0
style.css,244,css,60249a7a,Rosey G,2025-02-07,17:17:20,-08:00,2025-02-07T17:17:20-08:00,0,0
style.css,245,css,f8d0ea5f,Rosey G,2025-01-17,23:38:11,-08:00,2025-01-17T23:38:11-08:00,0,36
style.css,246,css,f8d0ea5f,Rosey G,2025-01-17,23:38:11,-08:00,2025-01-17T23:38:11-08:00,0,23
style.css,247,css,f8d0ea5f,Rosey G,2025-01-17,23:38:11,-08:00,2025-01-17T23:38:11-08:00,0,51
style.css,248,css,f8d0ea5f,Rosey G,2025-01-17,23:38:11,-08:00,2025-01-17T23:38:11-08:00,0,51
style.css,249,css,f8d0ea5f,Rosey G,2025-01-17,23:38:11,-08:00,2025-01-17T23:38:11-08:00,0,60
style.css,250,css,f8d0ea5f,Rosey G,2025-01-17,23:38:11,-08:00,2025-01-17T23:38:11-08:00,0,0
style.css,251,css,f8d0ea5f,Rosey G,2025-01-17,23:38:11,-08:00,2025-01-17T23:38:11-08:00,0,0
style.css,252,css,f8d0ea5f,Rosey G,2025-01-17,23:38:11,-08:00,2025-01-17T23:38:11-08:00,0,50
style.css,253,css,f8d0ea5f,Rosey G,2025-01-17,23:38:11,-08:00,2025-01-17T23:38:11-08:00,0,3
style.css,254,css,37b9adb7,Rosey G,2025-01-24,08:50:41,-08:00,2025-01-24T08:50:41-08:00,0,65
style.css,255,css,f8d0ea5f,Rosey G,2025-01-17,23:38:11,-08:00,2025-01-17T23:38:11-08:00,0,0
style.css,256,css,f8d0ea5f,Rosey G,2025-01-17,23:38:11,-08:00,2025-01-17T23:38:11-08:00,0,0
style.css,257,css,f8d0ea5f,Rosey G,2025-01-17,23:38:11,-08:00,2025-01-17T23:38:11-08:00,0,3
style.css,258,css,f8d0ea5f,Rosey G,2025-01-17,23:38:11,-08:00,2025-01-17T23:38:11-08:00,0,62
style.css,259,css,f8d0ea5f,Rosey G,2025-01-17,23:38:11,-08:00,2025-01-17T23:38:11-08:00,0,0
style.css,260,css,f8d0ea5f,Rosey G,2025-01-17,23:38:11,-08:00,2025-01-17T23:38:11-08:00,0,0
style.css,261,css,f8d0ea5f,Rosey G,2025-01-17,23:38:11,-08:00,2025-01-17T23:38:11-08:00,0,3
style.css,262,css,f8d0ea5f,Rosey G,2025-01-17,23:38:11,-08:00,2025-01-17T23:38:11-08:00,0,65
style.css,263,css,f8d0ea5f,Rosey G,2025-01-17,23:38:11,-08:00,2025-01-17T23:38:11-08:00,0,0
style.css,264,css,f8d0ea5f,Rosey G,2025-01-17,23:38:11,-08:00,2025-01-17T23:38:11-08:00,0,0
style.css,265,css,f8d0ea5f,Rosey G,2025-01-17,23:38:11,-08:00,2025-01-17T23:38:11-08:00,0,11
style.css,266,css,f8d0ea5f,Rosey G,2025-01-17,23:38:11,-08:00,2025-01-17T23:38:11-08:00,0,72
style.css,267,css,36c34a6e,Rosey G,2025-01-30,23:44:45,-08:00,2025-01-30T23:44:45-08:00,0,0
style.css,268,css,36c34a6e,Rosey G,2025-01-30,23:44:45,-08:00,2025-01-30T23:44:45-08:00,0,0
style.css,269,css,36c34a6e,Rosey G,2025-01-30,23:44:45,-08:00,2025-01-30T23:44:45-08:00,0,18
style.css,270,css,36c34a6e,Rosey G,2025-01-30,23:44:45,-08:00,2025-01-30T23:44:45-08:00,0,13
style.css,271,css,36c34a6e,Rosey G,2025-01-30,23:44:45,-08:00,2025-01-30T23:44:45-08:00,0,68
style.css,272,css,36c34a6e,Rosey G,2025-01-30,23:44:45,-08:00,2025-01-30T23:44:45-08:00,0,42
style.css,273,css,36c34a6e,Rosey G,2025-01-30,23:44:45,-08:00,2025-01-30T23:44:45-08:00,0,0
style.css,274,css,36c34a6e,Rosey G,2025-01-30,23:44:45,-08:00,2025-01-30T23:44:45-08:00,0,0
style.css,275,css,36c34a6e,Rosey G,2025-01-30,23:44:45,-08:00,2025-01-30T23:44:45-08:00,0,18
style.css,276,css,36c34a6e,Rosey G,2025-01-30,23:44:45,-08:00,2025-01-30T23:44:45-08:00,0,17
style.css,277,css,36c34a6e,Rosey G,2025-01-30,23:44:45,-08:00,2025-01-30T23:44:45-08:00,0,18
style.css,278,css,f2e0a117,Rosey G,2025-01-31,00:42:30,-08:00,2025-01-31T00:42:30-08:00,0,67
style.css,279,css,36c34a6e,Rosey G,2025-01-30,23:44:45,-08:00,2025-01-30T23:44:45-08:00,0,58
style.css,280,css,36c34a6e,Rosey G,2025-01-30,23:44:45,-08:00,2025-01-30T23:44:45-08:00,0,0
style.css,281,css,36c34a6e,Rosey G,2025-01-30,23:44:45,-08:00,2025-01-30T23:44:45-08:00,0,0
style.css,282,css,36c34a6e,Rosey G,2025-01-30,23:44:45,-08:00,2025-01-30T23:44:45-08:00,0,18
style.css,283,css,36c34a6e,Rosey G,2025-01-30,23:44:45,-08:00,2025-01-30T23:44:45-08:00,0,18
style.css,284,css,36c34a6e,Rosey G,2025-01-30,23:44:45,-08:00,2025-01-30T23:44:45-08:00,0,59
style.css,285,css,36c34a6e,Rosey G,2025-01-30,23:44:45,-08:00,2025-01-30T23:44:45-08:00,0,38
style.css,286,css,46ddcf28,Rosey G,2025-01-31,00:01:35,-08:00,2025-01-31T00:01:35-08:00,0,0
style.css,287,css,46ddcf28,Rosey G,2025-01-31,00:01:35,-08:00,2025-01-31T00:01:35-08:00,0,0
style.css,288,css,46ddcf28,Rosey G,2025-01-31,00:01:35,-08:00,2025-01-31T00:01:35-08:00,0,15
style.css,289,css,46ddcf28,Rosey G,2025-01-31,00:01:35,-08:00,2025-01-31T00:01:35-08:00,0,14
style.css,290,css,46ddcf28,Rosey G,2025-01-31,00:01:35,-08:00,2025-01-31T00:01:35-08:00,0,64
style.css,291,css,c5dec674,Rosey G,2025-01-31,00:46:43,-08:00,2025-01-31T00:46:43-08:00,0,52
style.css,292,css,c5dec674,Rosey G,2025-01-31,00:46:43,-08:00,2025-01-31T00:46:43-08:00,0,42
style.css,293,css,46ddcf28,Rosey G,2025-01-31,00:01:35,-08:00,2025-01-31T00:01:35-08:00,0,41
style.css,294,css,a22844df,Rosey G,2025-01-31,00:43:08,-08:00,2025-01-31T00:43:08-08:00,0,66
style.css,295,css,0751f73f,Rosey G,2025-02-07,22:03:25,-08:00,2025-02-07T22:03:25-08:00,0,0
style.css,296,css,0751f73f,Rosey G,2025-02-07,22:03:25,-08:00,2025-02-07T22:03:25-08:00,0,0
style.css,297,css,0751f73f,Rosey G,2025-02-07,22:03:25,-08:00,2025-02-07T22:03:25-08:00,0,29
style.css,298,css,0751f73f,Rosey G,2025-02-07,22:03:25,-08:00,2025-02-07T22:03:25-08:00,0,52
style.css,299,css,0751f73f,Rosey G,2025-02-07,22:03:25,-08:00,2025-02-07T22:03:25-08:00,0,12
style.css,300,css,0751f73f,Rosey G,2025-02-07,22:03:25,-08:00,2025-02-07T22:03:25-08:00,0,0
style.css,301,css,0751f73f,Rosey G,2025-02-07,22:03:25,-08:00,2025-02-07T22:03:25-08:00,0,0
style.css,302,css,0751f73f,Rosey G,2025-02-07,22:03:25,-08:00,2025-02-07T22:03:25-08:00,0,24
style.css,303,css,0751f73f,Rosey G,2025-02-07,22:03:25,-08:00,2025-02-07T22:03:25-08:00,0,17
style.css,304,css,0751f73f,Rosey G,2025-02-07,22:03:25,-08:00,2025-02-07T22:03:25-08:00,0,56
style.css,305,css,0751f73f,Rosey G,2025-02-07,22:03:25,-08:00,2025-02-07T22:03:25-08:00,0,0
style.css,306,css,0751f73f,Rosey G,2025-02-07,22:03:25,-08:00,2025-02-07T22:03:25-08:00,0,0
style.css,307,css,0751f73f,Rosey G,2025-02-07,22:03:25,-08:00,2025-02-07T22:03:25-08:00,0,29
style.css,308,css,0751f73f,Rosey G,2025-02-07,22:03:25,-08:00,2025-02-07T22:03:25-08:00,0,10
style.css,309,css,0751f73f,Rosey G,2025-02-07,22:03:25,-08:00,2025-02-07T22:03:25-08:00,0,68
style.css,310,css,0751f73f,Rosey G,2025-02-07,22:03:25,-08:00,2025-02-07T22:03:25-08:00,0,0
style.css,311,css,0751f73f,Rosey G,2025-02-07,22:03:25,-08:00,2025-02-07T22:03:25-08:00,0,0
style.css,312,css,0751f73f,Rosey G,2025-02-07,22:03:25,-08:00,2025-02-07T22:03:25-08:00,0,19
style.css,313,css,0751f73f,Rosey G,2025-02-07,22:03:25,-08:00,2025-02-07T22:03:25-08:00,0,18
style.css,314,css,0751f73f,Rosey G,2025-02-07,22:03:25,-08:00,2025-02-07T22:03:25-08:00,0,0
style.css,315,css,0751f73f,Rosey G,2025-02-07,22:03:25,-08:00,2025-02-07T22:03:25-08:00,0,0
style.css,316,css,0751f73f,Rosey G,2025-02-07,22:03:25,-08:00,2025-02-07T22:03:25-08:00,0,17
style.css,317,css,0751f73f,Rosey G,2025-02-07,22:03:25,-08:00,2025-02-07T22:03:25-08:00,0,17
style.css,318,css,5c8c2c4a,Rosey G,2025-01-17,23:21:21,-08:00,2025-01-17T23:21:21-08:00,0,0
index.js,1,js,36c34a6e,Rosey G,2025-01-30,23:44:45,-08:00,2025-01-30T23:44:45-08:00,0,71
index.js,2,js,11395666,Rosey G,2025-01-30,22:59:23,-08:00,2025-01-30T22:59:23-08:00,0,0
index.js,3,js,11395666,Rosey G,2025-01-30,22:59:23,-08:00,2025-01-30T22:59:23-08:00,0,39
index.js,4,js,11395666,Rosey G,2025-01-30,22:59:23,-08:00,2025-01-30T22:59:23-08:00,0,4
index.js,5,js,11395666,Rosey G,2025-01-30,22:59:23,-08:00,2025-01-30T22:59:23-08:00,0,20
index.js,6,js,11395666,Rosey G,2025-01-30,22:59:23,-08:00,2025-01-30T22:59:23-08:00,0,55
index.js,7,js,11395666,Rosey G,2025-01-30,22:59:23,-08:00,2025-01-30T22:59:23-08:00,0,42
index.js,8,js,11395666,Rosey G,2025-01-30,22:59:23,-08:00,2025-01-30T22:59:23-08:00,0,0
index.js,9,js,11395666,Rosey G,2025-01-30,22:59:23,-08:00,2025-01-30T22:59:23-08:00,0,30
index.js,10,js,b4a6c862,Rosey G,2025-02-07,21:25:21,-08:00,2025-02-07T21:25:21-08:00,0,43
index.js,11,js,11395666,Rosey G,2025-01-30,22:59:23,-08:00,2025-01-30T22:59:23-08:00,0,47
index.js,12,js,11395666,Rosey G,2025-01-30,22:59:23,-08:00,2025-01-30T22:59:23-08:00,0,0
index.js,13,js,11395666,Rosey G,2025-01-30,22:59:23,-08:00,2025-01-30T22:59:23-08:00,0,31
index.js,14,js,11395666,Rosey G,2025-01-30,22:59:23,-08:00,2025-01-30T22:59:23-08:00,0,61
index.js,15,js,11395666,Rosey G,2025-01-30,22:59:23,-08:00,2025-01-30T22:59:23-08:00,0,0
index.js,16,js,11395666,Rosey G,2025-01-30,22:59:23,-08:00,2025-01-30T22:59:23-08:00,0,24
index.js,17,js,11395666,Rosey G,2025-01-30,22:59:23,-08:00,2025-01-30T22:59:23-08:00,0,46
index.js,18,js,9ea69a23,Rosey G,2025-01-30,23:09:05,-08:00,2025-01-30T23:09:05-08:00,0,40
index.js,19,js,11395666,Rosey G,2025-01-30,22:59:23,-08:00,2025-01-30T22:59:23-08:00,0,0
index.js,20,js,11395666,Rosey G,2025-01-30,22:59:23,-08:00,2025-01-30T22:59:23-08:00,0,0
index.js,21,js,11395666,Rosey G,2025-01-30,22:59:23,-08:00,2025-01-30T22:59:23-08:00,0,28
index.js,22,js,11395666,Rosey G,2025-01-30,22:59:23,-08:00,2025-01-30T22:59:23-08:00,0,36
index.js,23,js,11395666,Rosey G,2025-01-30,22:59:23,-08:00,2025-01-30T22:59:23-08:00,0,48
index.js,24,js,11395666,Rosey G,2025-01-30,22:59:23,-08:00,2025-01-30T22:59:23-08:00,0,2
index.js,25,js,11395666,Rosey G,2025-01-30,22:59:23,-08:00,2025-01-30T22:59:23-08:00,0,16
index.js,26,js,11395666,Rosey G,2025-01-30,22:59:23,-08:00,2025-01-30T22:59:23-08:00,0,57
index.js,27,js,11395666,Rosey G,2025-01-30,22:59:23,-08:00,2025-01-30T22:59:23-08:00,0,0
index.js,28,js,11395666,Rosey G,2025-01-30,22:59:23,-08:00,2025-01-30T22:59:23-08:00,0,0
index.js,29,js,11395666,Rosey G,2025-01-30,22:59:23,-08:00,2025-01-30T22:59:23-08:00,0,0
index.js,30,js,11395666,Rosey G,2025-01-30,22:59:23,-08:00,2025-01-30T22:59:23-08:00,0,50
index.js,31,js,36c34a6e,Rosey G,2025-01-30,23:44:45,-08:00,2025-01-30T23:44:45-08:00,0,23
index.js,32,js,36c34a6e,Rosey G,2025-01-30,23:44:45,-08:00,2025-01-30T23:44:45-08:00,0,0
index.js,33,js,36c34a6e,Rosey G,2025-01-30,23:44:45,-08:00,2025-01-30T23:44:45-08:00,0,38
index.js,34,js,36c34a6e,Rosey G,2025-01-30,23:44:45,-08:00,2025-01-30T23:44:45-08:00,0,4
index.js,35,js,36c34a6e,Rosey G,2025-01-30,23:44:45,-08:00,2025-01-30T23:44:45-08:00,0,27
index.js,36,js,36c34a6e,Rosey G,2025-01-30,23:44:45,-08:00,2025-01-30T23:44:45-08:00,0,54
index.js,37,js,36c34a6e,Rosey G,2025-01-30,23:44:45,-08:00,2025-01-30T23:44:45-08:00,0,39
index.js,38,js,36c34a6e,Rosey G,2025-01-30,23:44:45,-08:00,2025-01-30T23:44:45-08:00,0,0
index.js,39,js,36c34a6e,Rosey G,2025-01-30,23:44:45,-08:00,2025-01-30T23:44:45-08:00,0,30
index.js,40,js,36c34a6e,Rosey G,2025-01-30,23:44:45,-08:00,2025-01-30T23:44:45-08:00,0,61
index.js,41,js,36c34a6e,Rosey G,2025-01-30,23:44:45,-08:00,2025-01-30T23:44:45-08:00,0,0
index.js,42,js,36c34a6e,Rosey G,2025-01-30,23:44:45,-08:00,2025-01-30T23:44:45-08:00,0,31
index.js,43,js,36c34a6e,Rosey G,2025-01-30,23:44:45,-08:00,2025-01-30T23:44:45-08:00,0,18
index.js,44,js,36c34a6e,Rosey G,2025-01-30,23:44:45,-08:00,2025-01-30T23:44:45-08:00,0,56
index.js,45,js,36c34a6e,Rosey G,2025-01-30,23:44:45,-08:00,2025-01-30T23:44:45-08:00,0,25
index.js,46,js,36c34a6e,Rosey G,2025-01-30,23:44:45,-08:00,2025-01-30T23:44:45-08:00,0,3
index.js,47,js,3792eebb,Rosey G,2025-01-30,23:52:08,-08:00,2025-01-30T23:52:08-08:00,0,71
index.js,48,js,3792eebb,Rosey G,2025-01-30,23:52:08,-08:00,2025-01-30T23:52:08-08:00,0,3
index.js,49,js,3792eebb,Rosey G,2025-01-30,23:52:08,-08:00,2025-01-30T23:52:08-08:00,0,45
index.js,50,js,36c34a6e,Rosey G,2025-01-30,23:44:45,-08:00,2025-01-30T23:44:45-08:00,0,50
index.js,51,js,36c34a6e,Rosey G,2025-01-30,23:44:45,-08:00,2025-01-30T23:44:45-08:00,0,50
index.js,52,js,3792eebb,Rosey G,2025-01-30,23:52:08,-08:00,2025-01-30T23:52:08-08:00,0,56
index.js,53,js,36c34a6e,Rosey G,2025-01-30,23:44:45,-08:00,2025-01-30T23:44:45-08:00,0,4
index.js,54,js,36c34a6e,Rosey G,2025-01-30,23:44:45,-08:00,2025-01-30T23:44:45-08:00,0,1
index.js,55,js,36c34a6e,Rosey G,2025-01-30,23:44:45,-08:00,2025-01-30T23:44:45-08:00,0,7
index.js,56,js,36c34a6e,Rosey G,2025-01-30,23:44:45,-08:00,2025-01-30T23:44:45-08:00,0,51
index.js,57,js,36c34a6e,Rosey G,2025-01-30,23:44:45,-08:00,2025-01-30T23:44:45-08:00,0,0
index.js,58,js,36c34a6e,Rosey G,2025-01-30,23:44:45,-08:00,2025-01-30T23:44:45-08:00,0,16
index.js,59,js,36c34a6e,Rosey G,2025-01-30,23:44:45,-08:00,2025-01-30T23:44:45-08:00,0,51
index.js,60,js,36c34a6e,Rosey G,2025-01-30,23:44:45,-08:00,2025-01-30T23:44:45-08:00,0,0
index.js,61,js,36c34a6e,Rosey G,2025-01-30,23:44:45,-08:00,2025-01-30T23:44:45-08:00,0,0
index.js,62,js,36c34a6e,Rosey G,2025-01-30,23:44:45,-08:00,2025-01-30T23:44:45-08:00,0,0
index.js,63,js,36c34a6e,Rosey G,2025-01-30,23:44:45,-08:00,2025-01-30T23:44:45-08:00,0,43
index.js,64,js,36c34a6e,Rosey G,2025-01-30,23:44:45,-08:00,2025-01-30T23:44:45-08:00,0,22
index.html,1,html,e9c6551d,Rosey G,2025-01-09,21:45:27,-08:00,2025-01-09T21:45:27-08:00,0,14
index.html,2,html,46f70770,Rosey G,2025-01-23,20:44:30,-08:00,2025-01-23T20:44:30-08:00,0,28
index.html,3,html,e9c6551d,Rosey G,2025-01-09,21:45:27,-08:00,2025-01-09T21:45:27-08:00,0,5
index.html,4,html,e9c6551d,Rosey G,2025-01-09,21:45:27,-08:00,2025-01-09T21:45:27-08:00,0,21
index.html,5,html,e9c6551d,Rosey G,2025-01-09,21:45:27,-08:00,2025-01-09T21:45:27-08:00,0,69
index.html,6,html,e9c6551d,Rosey G,2025-01-09,21:45:27,-08:00,2025-01-09T21:45:27-08:00,0,58
index.html,7,html,d0006914,Rosey G,2025-01-10,16:44:03,-08:00,2025-01-10T16:44:03-08:00,0,39
index.html,8,html,bd497668,Rosey G,2025-01-10,16:39:58,-08:00,2025-01-10T16:39:58-08:00,0,6
index.html,9,html,bd497668,Rosey G,2025-01-10,16:39:58,-08:00,2025-01-10T16:39:58-08:00,0,5
index.html,10,html,63fd2bb9,Rosey G,2025-01-31,22:04:31,-08:00,2025-01-31T22:04:31-08:00,0,26
index.html,11,html,e9c6551d,Rosey G,2025-01-09,21:45:27,-08:00,2025-01-09T21:45:27-08:00,0,0
index.html,12,html,1838a31f,Rosey G,2025-01-31,21:36:04,-08:00,2025-01-31T21:36:04-08:00,0,94
index.html,13,html,f8d0ea5f,Rosey G,2025-01-17,23:38:11,-08:00,2025-01-17T23:38:11-08:00,0,43
index.html,14,html,9ea69a23,Rosey G,2025-01-30,23:09:05,-08:00,2025-01-30T23:09:05-08:00,0,48
index.html,15,html,11395666,Rosey G,2025-01-30,22:59:23,-08:00,2025-01-30T22:59:23-08:00,0,0
index.html,16,html,11395666,Rosey G,2025-01-30,22:59:23,-08:00,2025-01-30T22:59:23-08:00,0,23
index.html,17,html,9ea69a23,Rosey G,2025-01-30,23:09:05,-08:00,2025-01-30T23:09:05-08:00,0,21
index.html,18,html,11395666,Rosey G,2025-01-30,22:59:23,-08:00,2025-01-30T22:59:23-08:00,0,50
index.html,19,html,11395666,Rosey G,2025-01-30,22:59:23,-08:00,2025-01-30T22:59:23-08:00,0,5
index.html,20,html,36c34a6e,Rosey G,2025-01-30,23:44:45,-08:00,2025-01-30T23:44:45-08:00,0,0
index.html,21,html,df38400c,Rosey G,2025-01-30,23:54:20,-08:00,2025-01-30T23:54:20-08:00,0,28
index.html,22,html,36c34a6e,Rosey G,2025-01-30,23:44:45,-08:00,2025-01-30T23:44:45-08:00,0,23
index.html,23,html,36c34a6e,Rosey G,2025-01-30,23:44:45,-08:00,2025-01-30T23:44:45-08:00,0,51
index.html,24,html,36c34a6e,Rosey G,2025-01-30,23:44:45,-08:00,2025-01-30T23:44:45-08:00,0,5
index.html,25,html,00000000,Not Committed Yet,2025-02-13,19:33:11,-08:00,2025-02-13T19:33:11-08:00,0,53
index.html,26,html,00000000,Not Committed Yet,2025-02-13,19:33:11,-08:00,2025-02-13T19:33:11-08:00,0,53
index.html,27,html,11395666,Rosey G,2025-01-30,22:59:23,-08:00,2025-01-30T22:59:23-08:00,0,53
index.html,28,html,e9c6551d,Rosey G,2025-01-09,21:45:27,-08:00,2025-01-09T21:45:27-08:00,0,6
index.html,29,html,e9c6551d,Rosey G,2025-01-09,21:45:27,-08:00,2025-01-09T21:45:27-08:00,0,6
global.js,1,js,cbc518d6,Rosey G,2025-01-23,17:52:27,-08:00,2025-01-23T17:52:27-08:00,0,26
global.js,2,js,cbc518d6,Rosey G,2025-01-23,17:52:27,-08:00,2025-01-23T17:52:27-08:00,0,0
global.js,3,js,cbc518d6,Rosey G,2025-01-23,17:52:27,-08:00,2025-01-23T17:52:27-08:00,0,42
global.js,4,js,cbc518d6,Rosey G,2025-01-23,17:52:27,-08:00,2025-01-23T17:52:27-08:00,0,53
global.js,5,js,605db59f,Rosey G,2025-01-23,19:45:05,-08:00,2025-01-23T19:45:05-08:00,0,0
global.js,6,js,605db59f,Rosey G,2025-01-23,19:45:05,-08:00,2025-01-23T19:45:05-08:00,0,0
global.js,7,js,0d7aaf0f,Rosey G,2025-01-23,21:27:20,-08:00,2025-01-23T21:27:20-08:00,0,33
global.js,8,js,0d7aaf0f,Rosey G,2025-01-23,21:27:20,-08:00,2025-01-23T21:27:20-08:00,0,32
global.js,9,js,0d7aaf0f,Rosey G,2025-01-23,21:27:20,-08:00,2025-01-23T21:27:20-08:00,0,12
global.js,10,js,0d7aaf0f,Rosey G,2025-01-23,21:27:20,-08:00,2025-01-23T21:27:20-08:00,0,0
global.js,11,js,0d7aaf0f,Rosey G,2025-01-23,21:27:20,-08:00,2025-01-23T21:27:20-08:00,0,27
global.js,12,js,0d7aaf0f,Rosey G,2025-01-23,21:27:20,-08:00,2025-01-23T21:27:20-08:00,0,5
global.js,13,js,0d7aaf0f,Rosey G,2025-01-23,21:27:20,-08:00,2025-01-23T21:27:20-08:00,0,25
global.js,14,js,0d7aaf0f,Rosey G,2025-01-23,21:27:20,-08:00,2025-01-23T21:27:20-08:00,0,44
global.js,15,js,0d7aaf0f,Rosey G,2025-01-23,21:27:20,-08:00,2025-01-23T21:27:20-08:00,0,35
global.js,16,js,0d7aaf0f,Rosey G,2025-01-23,21:27:20,-08:00,2025-01-23T21:27:20-08:00,0,33
global.js,17,js,0d7aaf0f,Rosey G,2025-01-23,21:27:20,-08:00,2025-01-23T21:27:20-08:00,0,8
global.js,18,js,0d7aaf0f,Rosey G,2025-01-23,21:27:20,-08:00,2025-01-23T21:27:20-08:00,0,7
global.js,19,js,d276ffac,Rosey G,2025-01-23,23:49:16,-08:00,2025-01-23T23:49:16-08:00,0,0
global.js,20,js,0d7aaf0f,Rosey G,2025-01-23,21:27:20,-08:00,2025-01-23T21:27:20-08:00,0,0
global.js,21,js,0d7aaf0f,Rosey G,2025-01-23,21:27:20,-08:00,2025-01-23T21:27:20-08:00,0,1
global.js,22,js,0d7aaf0f,Rosey G,2025-01-23,21:27:20,-08:00,2025-01-23T21:27:20-08:00,0,0
global.js,23,js,0d7aaf0f,Rosey G,2025-01-23,21:27:20,-08:00,2025-01-23T21:27:20-08:00,0,34
global.js,24,js,0d7aaf0f,Rosey G,2025-01-23,21:27:20,-08:00,2025-01-23T21:27:20-08:00,0,37
global.js,25,js,815e03dc,Rosey G,2025-01-31,20:46:41,-08:00,2025-01-31T20:46:41-08:00,0,71
global.js,26,js,815e03dc,Rosey G,2025-01-31,20:46:41,-08:00,2025-01-31T20:46:41-08:00,0,57
global.js,27,js,815e03dc,Rosey G,2025-01-31,20:46:41,-08:00,2025-01-31T20:46:41-08:00,0,0
global.js,28,js,815e03dc,Rosey G,2025-01-31,20:46:41,-08:00,2025-01-31T20:46:41-08:00,0,46
global.js,29,js,815e03dc,Rosey G,2025-01-31,20:46:41,-08:00,2025-01-31T20:46:41-08:00,0,43
global.js,30,js,815e03dc,Rosey G,2025-01-31,20:46:41,-08:00,2025-01-31T20:46:41-08:00,0,91
global.js,31,js,815e03dc,Rosey G,2025-01-31,20:46:41,-08:00,2025-01-31T20:46:41-08:00,0,83
global.js,32,js,815e03dc,Rosey G,2025-01-31,20:46:41,-08:00,2025-01-31T20:46:41-08:00,0,69
global.js,33,js,815e03dc,Rosey G,2025-01-31,20:46:41,-08:00,2025-01-31T20:46:41-08:00,0,0
global.js,34,js,0d7aaf0f,Rosey G,2025-01-23,21:27:20,-08:00,2025-01-23T21:27:20-08:00,0,0
global.js,35,js,0d7aaf0f,Rosey G,2025-01-23,21:27:20,-08:00,2025-01-23T21:27:20-08:00,0,37
global.js,36,js,0d7aaf0f,Rosey G,2025-01-23,21:27:20,-08:00,2025-01-23T21:27:20-08:00,0,54
global.js,37,js,0d7aaf0f,Rosey G,2025-01-23,21:27:20,-08:00,2025-01-23T21:27:20-08:00,0,0
global.js,38,js,0d7aaf0f,Rosey G,2025-01-23,21:27:20,-08:00,2025-01-23T21:27:20-08:00,0,53
global.js,39,js,0d7aaf0f,Rosey G,2025-01-23,21:27:20,-08:00,2025-01-23T21:27:20-08:00,0,35
global.js,40,js,0d7aaf0f,Rosey G,2025-01-23,21:27:20,-08:00,2025-01-23T21:27:20-08:00,0,44
global.js,41,js,0d7aaf0f,Rosey G,2025-01-23,21:27:20,-08:00,2025-01-23T21:27:20-08:00,0,57
global.js,42,js,0d7aaf0f,Rosey G,2025-01-23,21:27:20,-08:00,2025-01-23T21:27:20-08:00,0,58
global.js,43,js,0d7aaf0f,Rosey G,2025-01-23,21:27:20,-08:00,2025-01-23T21:27:20-08:00,0,0
global.js,44,js,0d7aaf0f,Rosey G,2025-01-23,21:27:20,-08:00,2025-01-23T21:27:20-08:00,0,0
global.js,45,js,0d7aaf0f,Rosey G,2025-01-23,21:27:20,-08:00,2025-01-23T21:27:20-08:00,0,45
global.js,46,js,0d7aaf0f,Rosey G,2025-01-23,21:27:20,-08:00,2025-01-23T21:27:20-08:00,0,44
global.js,47,js,0d7aaf0f,Rosey G,2025-01-23,21:27:20,-08:00,2025-01-23T21:27:20-08:00,0,41
global.js,48,js,0d7aaf0f,Rosey G,2025-01-23,21:27:20,-08:00,2025-01-23T21:27:20-08:00,0,65
global.js,49,js,0d7aaf0f,Rosey G,2025-01-23,21:27:20,-08:00,2025-01-23T21:27:20-08:00,0,2
global.js,50,js,0d7aaf0f,Rosey G,2025-01-23,21:27:20,-08:00,2025-01-23T21:27:20-08:00,0,0
global.js,51,js,cc19db56,Rosey G,2025-01-23,20:40:36,-08:00,2025-01-23T20:40:36-08:00,0,23
global.js,52,js,cc19db56,Rosey G,2025-01-23,20:40:36,-08:00,2025-01-23T20:40:36-08:00,0,14
global.js,53,js,ebfb2be0,Rosey G,2025-01-23,21:02:05,-08:00,2025-01-23T21:02:05-08:00,0,26
global.js,54,js,ebfb2be0,Rosey G,2025-01-23,21:02:05,-08:00,2025-01-23T21:02:05-08:00,0,39
global.js,55,js,00000000,Not Committed Yet,2025-02-13,19:33:11,-08:00,2025-02-13T19:33:11-08:00,0,31
global.js,56,js,ebfb2be0,Rosey G,2025-01-23,21:02:05,-08:00,2025-01-23T21:02:05-08:00,0,37
global.js,57,js,ebfb2be0,Rosey G,2025-01-23,21:02:05,-08:00,2025-01-23T21:02:05-08:00,0,35
global.js,58,js,cc19db56,Rosey G,2025-01-23,20:40:36,-08:00,2025-01-23T20:40:36-08:00,0,57
global.js,59,js,cc19db56,Rosey G,2025-01-23,20:40:36,-08:00,2025-01-23T20:40:36-08:00,0,1
global.js,60,js,cc19db56,Rosey G,2025-01-23,20:40:36,-08:00,2025-01-23T20:40:36-08:00,0,0
global.js,61,js,1af7645b,Rosey G,2025-01-24,20:28:35,-08:00,2025-01-24T20:28:35-08:00,0,0
global.js,62,js,1af7645b,Rosey G,2025-01-24,20:28:35,-08:00,2025-01-24T20:28:35-08:00,0,47
global.js,63,js,1af7645b,Rosey G,2025-01-24,20:28:35,-08:00,2025-01-24T20:28:35-08:00,0,41
global.js,64,js,1af7645b,Rosey G,2025-01-24,20:28:35,-08:00,2025-01-24T20:28:35-08:00,0,58
global.js,65,js,1af7645b,Rosey G,2025-01-24,20:28:35,-08:00,2025-01-24T20:28:35-08:00,0,0
global.js,66,js,cc19db56,Rosey G,2025-01-23,20:40:36,-08:00,2025-01-23T20:40:36-08:00,0,35
global.js,67,js,cc19db56,Rosey G,2025-01-23,20:40:36,-08:00,2025-01-23T20:40:36-08:00,0,71
global.js,68,js,cc19db56,Rosey G,2025-01-23,20:40:36,-08:00,2025-01-23T20:40:36-08:00,0,0
global.js,69,js,ebfb2be0,Rosey G,2025-01-23,21:02:05,-08:00,2025-01-23T21:02:05-08:00,0,35
global.js,70,js,ebfb2be0,Rosey G,2025-01-23,21:02:05,-08:00,2025-01-23T21:02:05-08:00,0,30
global.js,71,js,ebfb2be0,Rosey G,2025-01-23,21:02:05,-08:00,2025-01-23T21:02:05-08:00,0,0
global.js,72,js,cc19db56,Rosey G,2025-01-23,20:40:36,-08:00,2025-01-23T20:40:36-08:00,0,40
global.js,73,js,ebfb2be0,Rosey G,2025-01-23,21:02:05,-08:00,2025-01-23T21:02:05-08:00,0,23
global.js,74,js,cc19db56,Rosey G,2025-01-23,20:40:36,-08:00,2025-01-23T20:40:36-08:00,0,15
global.js,75,js,cc19db56,Rosey G,2025-01-23,20:40:36,-08:00,2025-01-23T20:40:36-08:00,0,0
global.js,76,js,bbabc362,Rosey G,2025-01-23,22:45:14,-08:00,2025-01-23T22:45:14-08:00,0,18
global.js,77,js,bbabc362,Rosey G,2025-01-23,22:45:14,-08:00,2025-01-23T22:45:14-08:00,0,29
global.js,78,js,bbabc362,Rosey G,2025-01-23,22:45:14,-08:00,2025-01-23T22:45:14-08:00,0,20
global.js,79,js,bbabc362,Rosey G,2025-01-23,22:45:14,-08:00,2025-01-23T22:45:14-08:00,0,0
global.js,80,js,cc19db56,Rosey G,2025-01-23,20:40:36,-08:00,2025-01-23T20:40:36-08:00,0,0
global.js,81,js,cc19db56,Rosey G,2025-01-23,20:40:36,-08:00,2025-01-23T20:40:36-08:00,0,23
global.js,82,js,ebfb2be0,Rosey G,2025-01-23,21:02:05,-08:00,2025-01-23T21:02:05-08:00,0,37
global.js,83,js,cc19db56,Rosey G,2025-01-23,20:40:36,-08:00,2025-01-23T20:40:36-08:00,0,12
global.js,84,js,cc19db56,Rosey G,2025-01-23,20:40:36,-08:00,2025-01-23T20:40:36-08:00,0,23
global.js,85,js,cc19db56,Rosey G,2025-01-23,20:40:36,-08:00,2025-01-23T20:40:36-08:00,0,0
global.js,86,js,cc19db56,Rosey G,2025-01-23,20:40:36,-08:00,2025-01-23T20:40:36-08:00,0,28
global.js,87,js,be974bb0,Rosey G,2025-01-23,21:05:26,-08:00,2025-01-23T21:05:26-08:00,0,66
global.js,88,js,be974bb0,Rosey G,2025-01-23,21:05:26,-08:00,2025-01-23T21:05:26-08:00,0,53
global.js,89,js,be974bb0,Rosey G,2025-01-23,21:05:26,-08:00,2025-01-23T21:05:26-08:00,0,0
global.js,90,js,cc19db56,Rosey G,2025-01-23,20:40:36,-08:00,2025-01-23T20:40:36-08:00,0,0
global.js,91,js,cc19db56,Rosey G,2025-01-23,20:40:36,-08:00,2025-01-23T20:40:36-08:00,0,34
global.js,92,js,03db2241,Rosey G,2025-01-23,23:00:14,-08:00,2025-01-23T23:00:14-08:00,0,30
global.js,93,js,03db2241,Rosey G,2025-01-23,23:00:14,-08:00,2025-01-23T23:00:14-08:00,0,70
global.js,94,js,03db2241,Rosey G,2025-01-23,23:00:14,-08:00,2025-01-23T23:00:14-08:00,0,70
global.js,95,js,03db2241,Rosey G,2025-01-23,23:00:14,-08:00,2025-01-23T23:00:14-08:00,0,0
global.js,96,js,cc19db56,Rosey G,2025-01-23,20:40:36,-08:00,2025-01-23T20:40:36-08:00,0,0
global.js,97,js,cc19db56,Rosey G,2025-01-23,20:40:36,-08:00,2025-01-23T20:40:36-08:00,0,27
global.js,98,js,cc19db56,Rosey G,2025-01-23,20:40:36,-08:00,2025-01-23T20:40:36-08:00,0,13
global.js,99,js,1af7645b,Rosey G,2025-01-24,20:28:35,-08:00,2025-01-24T20:28:35-08:00,0,0
global.js,100,js,1af7645b,Rosey G,2025-01-24,20:28:35,-08:00,2025-01-24T20:28:35-08:00,0,0
global.js,101,js,1af7645b,Rosey G,2025-01-24,20:28:35,-08:00,2025-01-24T20:28:35-08:00,0,14
global.js,102,js,1af7645b,Rosey G,2025-01-24,20:28:35,-08:00,2025-01-24T20:28:35-08:00,0,30
global.js,103,js,1af7645b,Rosey G,2025-01-24,20:28:35,-08:00,2025-01-24T20:28:35-08:00,0,31
global.js,104,js,1af7645b,Rosey G,2025-01-24,20:28:35,-08:00,2025-01-24T20:28:35-08:00,0,52
global.js,105,js,1af7645b,Rosey G,2025-01-24,20:28:35,-08:00,2025-01-24T20:28:35-08:00,0,0
global.js,106,js,1af7645b,Rosey G,2025-01-24,20:28:35,-08:00,2025-01-24T20:28:35-08:00,0,53
global.js,107,js,1af7645b,Rosey G,2025-01-24,20:28:35,-08:00,2025-01-24T20:28:35-08:00,0,50
global.js,108,js,1af7645b,Rosey G,2025-01-24,20:28:35,-08:00,2025-01-24T20:28:35-08:00,0,37
global.js,109,js,1af7645b,Rosey G,2025-01-24,20:28:35,-08:00,2025-01-24T20:28:35-08:00,0,22
global.js,110,js,1af7645b,Rosey G,2025-01-24,20:28:35,-08:00,2025-01-24T20:28:35-08:00,0,0
global.js,111,js,1af7645b,Rosey G,2025-01-24,20:28:35,-08:00,2025-01-24T20:28:35-08:00,0,40
global.js,112,js,1af7645b,Rosey G,2025-01-24,20:28:35,-08:00,2025-01-24T20:28:35-08:00,0,31
global.js,113,js,1af7645b,Rosey G,2025-01-24,20:28:35,-08:00,2025-01-24T20:28:35-08:00,0,0
global.js,114,js,1af7645b,Rosey G,2025-01-24,20:28:35,-08:00,2025-01-24T20:28:35-08:00,0,31
global.js,115,js,1af7645b,Rosey G,2025-01-24,20:28:35,-08:00,2025-01-24T20:28:35-08:00,0,27
global.js,116,js,1af7645b,Rosey G,2025-01-24,20:28:35,-08:00,2025-01-24T20:28:35-08:00,0,0
global.js,117,js,1af7645b,Rosey G,2025-01-24,20:28:35,-08:00,2025-01-24T20:28:35-08:00,0,30
global.js,118,js,1af7645b,Rosey G,2025-01-24,20:28:35,-08:00,2025-01-24T20:28:35-08:00,0,32
global.js,119,js,1af7645b,Rosey G,2025-01-24,20:28:35,-08:00,2025-01-24T20:28:35-08:00,0,43
global.js,120,js,1af7645b,Rosey G,2025-01-24,20:28:35,-08:00,2025-01-24T20:28:35-08:00,0,66
global.js,121,js,1af7645b,Rosey G,2025-01-24,20:28:35,-08:00,2025-01-24T20:28:35-08:00,0,0
global.js,122,js,1af7645b,Rosey G,2025-01-24,20:28:35,-08:00,2025-01-24T20:28:35-08:00,0,0
global.js,123,js,1af7645b,Rosey G,2025-01-24,20:28:35,-08:00,2025-01-24T20:28:35-08:00,0,38
global.js,124,js,1af7645b,Rosey G,2025-01-24,20:28:35,-08:00,2025-01-24T20:28:35-08:00,0,22
global.js,125,js,1af7645b,Rosey G,2025-01-24,20:28:35,-08:00,2025-01-24T20:28:35-08:00,0,0
global.js,126,js,1af7645b,Rosey G,2025-01-24,20:28:35,-08:00,2025-01-24T20:28:35-08:00,0,64
global.js,127,js,1af7645b,Rosey G,2025-01-24,20:28:35,-08:00,2025-01-24T20:28:35-08:00,0,19
global.js,128,js,1af7645b,Rosey G,2025-01-24,20:28:35,-08:00,2025-01-24T20:28:35-08:00,0,2
global.js,129,js,8fe78cc4,Rosey G,2025-01-30,21:21:27,-08:00,2025-01-30T21:21:27-08:00,0,4
global.js,130,js,8fe78cc4,Rosey G,2025-01-30,21:21:27,-08:00,2025-01-30T21:21:27-08:00,0,0
global.js,131,js,8fe78cc4,Rosey G,2025-01-30,21:21:27,-08:00,2025-01-30T21:21:27-08:00,0,37
global.js,132,js,8fe78cc4,Rosey G,2025-01-30,21:21:27,-08:00,2025-01-30T21:21:27-08:00,0,4
global.js,133,js,8fe78cc4,Rosey G,2025-01-30,21:21:27,-08:00,2025-01-30T21:21:27-08:00,0,40
global.js,134,js,8fe78cc4,Rosey G,2025-01-30,21:21:27,-08:00,2025-01-30T21:21:27-08:00,0,33
global.js,135,js,8fe78cc4,Rosey G,2025-01-30,21:21:27,-08:00,2025-01-30T21:21:27-08:00,0,18
global.js,136,js,8fe78cc4,Rosey G,2025-01-30,21:21:27,-08:00,2025-01-30T21:21:27-08:00,0,67
global.js,137,js,8fe78cc4,Rosey G,2025-01-30,21:21:27,-08:00,2025-01-30T21:21:27-08:00,0,0
global.js,138,js,8fe78cc4,Rosey G,2025-01-30,21:21:27,-08:00,2025-01-30T21:21:27-08:00,0,34
global.js,139,js,8fe78cc4,Rosey G,2025-01-30,21:21:27,-08:00,2025-01-30T21:21:27-08:00,0,47
global.js,140,js,8fe78cc4,Rosey G,2025-01-30,21:21:27,-08:00,2025-01-30T21:21:27-08:00,0,11
global.js,141,js,8fe78cc4,Rosey G,2025-01-30,21:21:27,-08:00,2025-01-30T21:21:27-08:00,0,0
global.js,142,js,8fe78cc4,Rosey G,2025-01-30,21:21:27,-08:00,2025-01-30T21:21:27-08:00,0,14
global.js,143,js,8fe78cc4,Rosey G,2025-01-30,21:21:27,-08:00,2025-01-30T21:21:27-08:00,0,60
global.js,144,js,8fe78cc4,Rosey G,2025-01-30,21:21:27,-08:00,2025-01-30T21:21:27-08:00,0,0
global.js,145,js,8fe78cc4,Rosey G,2025-01-30,21:21:27,-08:00,2025-01-30T21:21:27-08:00,0,0
global.js,146,js,8fe78cc4,Rosey G,2025-01-30,21:21:27,-08:00,2025-01-30T21:21:27-08:00,0,0
global.js,147,js,8fe78cc4,Rosey G,2025-01-30,21:21:27,-08:00,2025-01-30T21:21:27-08:00,0,2
global.js,148,js,8fe78cc4,Rosey G,2025-01-30,21:21:27,-08:00,2025-01-30T21:21:27-08:00,0,56
global.js,149,js,8fe78cc4,Rosey G,2025-01-30,21:21:27,-08:00,2025-01-30T21:21:27-08:00,0,89
global.js,150,js,8fe78cc4,Rosey G,2025-01-30,21:21:27,-08:00,2025-01-30T21:21:27-08:00,0,82
global.js,151,js,8fe78cc4,Rosey G,2025-01-30,21:21:27,-08:00,2025-01-30T21:21:27-08:00,0,93
global.js,152,js,8fe78cc4,Rosey G,2025-01-30,21:21:27,-08:00,2025-01-30T21:21:27-08:00,0,2
global.js,153,js,8fe78cc4,Rosey G,2025-01-30,21:21:27,-08:00,2025-01-30T21:21:27-08:00,0,0
global.js,154,js,04876b47,Rosey G,2025-01-30,22:23:51,-08:00,2025-01-30T22:23:51-08:00,0,79
global.js,155,js,04876b47,Rosey G,2025-01-30,22:23:51,-08:00,2025-01-30T22:23:51-08:00,0,23
global.js,156,js,04876b47,Rosey G,2025-01-30,22:23:51,-08:00,2025-01-30T22:23:51-08:00,0,43
global.js,157,js,04876b47,Rosey G,2025-01-30,22:23:51,-08:00,2025-01-30T22:23:51-08:00,0,6
global.js,158,js,04876b47,Rosey G,2025-01-30,22:23:51,-08:00,2025-01-30T22:23:51-08:00,0,0
global.js,159,js,04876b47,Rosey G,2025-01-30,22:23:51,-08:00,2025-01-30T22:23:51-08:00,0,0
global.js,160,js,04876b47,Rosey G,2025-01-30,22:23:51,-08:00,2025-01-30T22:23:51-08:00,0,49
global.js,161,js,04876b47,Rosey G,2025-01-30,22:23:51,-08:00,2025-01-30T22:23:51-08:00,0,20
global.js,162,js,04876b47,Rosey G,2025-01-30,22:23:51,-08:00,2025-01-30T22:23:51-08:00,0,50
global.js,163,js,04876b47,Rosey G,2025-01-30,22:23:51,-08:00,2025-01-30T22:23:51-08:00,0,50
global.js,164,js,04876b47,Rosey G,2025-01-30,22:23:51,-08:00,2025-01-30T22:23:51-08:00,0,28
global.js,165,js,60249a7a,Rosey G,2025-02-07,17:17:20,-08:00,2025-02-07T17:17:20-08:00,0,66
global.js,166,js,04876b47,Rosey G,2025-01-30,22:23:51,-08:00,2025-01-30T22:23:51-08:00,0,1
global.js,167,js,04876b47,Rosey G,2025-01-30,22:23:51,-08:00,2025-01-30T22:23:51-08:00,0,37
global.js,168,js,36c34a6e,Rosey G,2025-01-30,23:44:45,-08:00,2025-01-30T23:44:45-08:00,0,0
global.js,169,js,36c34a6e,Rosey G,2025-01-30,23:44:45,-08:00,2025-01-30T23:44:45-08:00,0,0
global.js,170,js,36c34a6e,Rosey G,2025-01-30,23:44:45,-08:00,2025-01-30T23:44:45-08:00,0,48
global.js,171,js,36c34a6e,Rosey G,2025-01-30,23:44:45,-08:00,2025-01-30T23:44:45-08:00,0,60
global.js,172,js,36c34a6e,Rosey G,2025-01-30,23:44:45,-08:00,2025-01-30T23:44:45-08:00,0,60
global.js,173,js,8fe78cc4,Rosey G,2025-01-30,21:21:27,-08:00,2025-01-30T21:21:27-08:00,0,0
resume\index.html,1,html,fe187610,Rosey G,2025-01-10,23:03:19,-08:00,2025-01-10T23:03:19-08:00,0,14
resume\index.html,2,html,fe187610,Rosey G,2025-01-10,23:03:19,-08:00,2025-01-10T23:03:19-08:00,0,15
resume\index.html,3,html,fe187610,Rosey G,2025-01-10,23:03:19,-08:00,2025-01-10T23:03:19-08:00,0,5
resume\index.html,4,html,fe187610,Rosey G,2025-01-10,23:03:19,-08:00,2025-01-10T23:03:19-08:00,0,21
resume\index.html,5,html,fe187610,Rosey G,2025-01-10,23:03:19,-08:00,2025-01-10T23:03:19-08:00,0,69
resume\index.html,6,html,fe187610,Rosey G,2025-01-10,23:03:19,-08:00,2025-01-10T23:03:19-08:00,0,20
resume\index.html,7,html,235710ef,Rosey G,2025-01-17,21:25:39,-08:00,2025-01-17T21:25:39-08:00,0,42
resume\index.html,8,html,fe187610,Rosey G,2025-01-10,23:03:19,-08:00,2025-01-10T23:03:19-08:00,0,6
resume\index.html,9,html,fe187610,Rosey G,2025-01-10,23:03:19,-08:00,2025-01-10T23:03:19-08:00,0,5
resume\index.html,10,html,fe187610,Rosey G,2025-01-10,23:03:19,-08:00,2025-01-10T23:03:19-08:00,0,14
resume\index.html,11,html,fe187610,Rosey G,2025-01-10,23:03:19,-08:00,2025-01-10T23:03:19-08:00,0,7
resume\index.html,12,html,e1db0a98,Rosey G,2025-01-17,23:42:22,-08:00,2025-01-17T23:42:22-08:00,0,23
resume\index.html,13,html,02945776,Rosey G,2025-01-31,21:25:03,-08:00,2025-01-31T21:25:03-08:00,0,142
resume\index.html,14,html,fe187610,Rosey G,2025-01-10,23:03:19,-08:00,2025-01-10T23:03:19-08:00,0,8
resume\index.html,15,html,fe187610,Rosey G,2025-01-10,23:03:19,-08:00,2025-01-10T23:03:19-08:00,0,0
resume\index.html,16,html,fe187610,Rosey G,2025-01-10,23:03:19,-08:00,2025-01-10T23:03:19-08:00,0,8
resume\index.html,17,html,fe187610,Rosey G,2025-01-10,23:03:19,-08:00,2025-01-10T23:03:19-08:00,0,15
resume\index.html,18,html,e32f1481,Rosey G,2025-02-08,00:29:04,-08:00,2025-02-08T00:29:04-08:00,0,148
resume\index.html,19,html,02945776,Rosey G,2025-01-31,21:25:03,-08:00,2025-01-31T21:25:03-08:00,0,140
resume\index.html,20,html,02945776,Rosey G,2025-01-31,21:25:03,-08:00,2025-01-31T21:25:03-08:00,0,101
resume\index.html,21,html,e32f1481,Rosey G,2025-02-08,00:29:04,-08:00,2025-02-08T00:29:04-08:00,0,65
resume\index.html,22,html,fe187610,Rosey G,2025-01-10,23:03:19,-08:00,2025-01-10T23:03:19-08:00,0,9
resume\index.html,23,html,fe187610,Rosey G,2025-01-10,23:03:19,-08:00,2025-01-10T23:03:19-08:00,0,0
resume\index.html,24,html,fe187610,Rosey G,2025-01-10,23:03:19,-08:00,2025-01-10T23:03:19-08:00,0,8
resume\index.html,25,html,fe187610,Rosey G,2025-01-10,23:03:19,-08:00,2025-01-10T23:03:19-08:00,0,14
resume\index.html,26,html,fe187610,Rosey G,2025-01-10,23:03:19,-08:00,2025-01-10T23:03:19-08:00,0,3
resume\index.html,27,html,e32f1481,Rosey G,2025-02-08,00:29:04,-08:00,2025-02-08T00:29:04-08:00,0,99
resume\index.html,28,html,e32f1481,Rosey G,2025-02-08,00:29:04,-08:00,2025-02-08T00:29:04-08:00,0,64
resume\index.html,29,html,e32f1481,Rosey G,2025-02-08,00:29:04,-08:00,2025-02-08T00:29:04-08:00,0,36
resume\index.html,30,html,e32f1481,Rosey G,2025-02-08,00:29:04,-08:00,2025-02-08T00:29:04-08:00,0,43
resume\index.html,31,html,fe187610,Rosey G,2025-01-10,23:03:19,-08:00,2025-01-10T23:03:19-08:00,0,59
resume\index.html,32,html,60249a7a,Rosey G,2025-02-07,17:17:20,-08:00,2025-02-07T17:17:20-08:00,0,67
resume\index.html,33,html,e32f1481,Rosey G,2025-02-08,00:29:04,-08:00,2025-02-08T00:29:04-08:00,0,63
resume\index.html,34,html,e32f1481,Rosey G,2025-02-08,00:29:04,-08:00,2025-02-08T00:29:04-08:00,0,39
resume\index.html,35,html,e32f1481,Rosey G,2025-02-08,00:29:04,-08:00,2025-02-08T00:29:04-08:00,0,43
resume\index.html,36,html,fe187610,Rosey G,2025-01-10,23:03:19,-08:00,2025-01-10T23:03:19-08:00,0,36
resume\index.html,37,html,fe187610,Rosey G,2025-01-10,23:03:19,-08:00,2025-01-10T23:03:19-08:00,0,4
resume\index.html,38,html,fe187610,Rosey G,2025-01-10,23:03:19,-08:00,2025-01-10T23:03:19-08:00,0,9
resume\index.html,39,html,fe187610,Rosey G,2025-01-10,23:03:19,-08:00,2025-01-10T23:03:19-08:00,0,0
resume\index.html,40,html,fe187610,Rosey G,2025-01-10,23:03:19,-08:00,2025-01-10T23:03:19-08:00,0,8
resume\index.html,41,html,fe187610,Rosey G,2025-01-10,23:03:19,-08:00,2025-01-10T23:03:19-08:00,0,18
resume\index.html,42,html,ed72ef1e,Rosey G,2025-02-08,00:44:50,-08:00,2025-02-08T00:44:50-08:00,0,8
resume\index.html,43,html,084d3f5a,Rosey G,2025-02-08,00:59:00,-08:00,2025-02-08T00:59:00-08:00,0,82
resume\index.html,44,html,ed72ef1e,Rosey G,2025-02-08,00:44:50,-08:00,2025-02-08T00:44:50-08:00,0,3
resume\index.html,45,html,ed72ef1e,Rosey G,2025-02-08,00:44:50,-08:00,2025-02-08T00:44:50-08:00,0,167
resume\index.html,46,html,ed72ef1e,Rosey G,2025-02-08,00:44:50,-08:00,2025-02-08T00:44:50-08:00,0,133
resume\index.html,47,html,ed72ef1e,Rosey G,2025-02-08,00:44:50,-08:00,2025-02-08T00:44:50-08:00,0,109
resume\index.html,48,html,ed72ef1e,Rosey G,2025-02-08,00:44:50,-08:00,2025-02-08T00:44:50-08:00,0,4
resume\index.html,49,html,ed72ef1e,Rosey G,2025-02-08,00:44:50,-08:00,2025-02-08T00:44:50-08:00,0,9
resume\index.html,50,html,ed72ef1e,Rosey G,2025-02-08,00:44:50,-08:00,2025-02-08T00:44:50-08:00,0,0
resume\index.html,51,html,ed72ef1e,Rosey G,2025-02-08,00:44:50,-08:00,2025-02-08T00:44:50-08:00,0,8
resume\index.html,52,html,084d3f5a,Rosey G,2025-02-08,00:59:00,-08:00,2025-02-08T00:59:00-08:00,0,246
resume\index.html,53,html,ed72ef1e,Rosey G,2025-02-08,00:44:50,-08:00,2025-02-08T00:44:50-08:00,0,3
resume\index.html,54,html,ed72ef1e,Rosey G,2025-02-08,00:44:50,-08:00,2025-02-08T00:44:50-08:00,0,107
resume\index.html,55,html,ed72ef1e,Rosey G,2025-02-08,00:44:50,-08:00,2025-02-08T00:44:50-08:00,0,93
resume\index.html,56,html,ed72ef1e,Rosey G,2025-02-08,00:44:50,-08:00,2025-02-08T00:44:50-08:00,0,108
resume\index.html,57,html,ed72ef1e,Rosey G,2025-02-08,00:44:50,-08:00,2025-02-08T00:44:50-08:00,0,4
resume\index.html,58,html,ed72ef1e,Rosey G,2025-02-08,00:44:50,-08:00,2025-02-08T00:44:50-08:00,0,9
resume\index.html,59,html,ed72ef1e,Rosey G,2025-02-08,00:44:50,-08:00,2025-02-08T00:44:50-08:00,0,0
resume\index.html,60,html,fe187610,Rosey G,2025-01-10,23:03:19,-08:00,2025-01-10T23:03:19-08:00,0,8
resume\index.html,61,html,084d3f5a,Rosey G,2025-02-08,00:59:00,-08:00,2025-02-08T00:59:00-08:00,0,108
resume\index.html,62,html,fe187610,Rosey G,2025-01-10,23:03:19,-08:00,2025-01-10T23:03:19-08:00,0,3
resume\index.html,63,html,3be1d263,Rosey G,2025-02-08,11:22:32,-08:00,2025-02-08T11:22:32-08:00,0,88
resume\index.html,64,html,e32f1481,Rosey G,2025-02-08,00:29:04,-08:00,2025-02-08T00:29:04-08:00,0,143
resume\index.html,65,html,e32f1481,Rosey G,2025-02-08,00:29:04,-08:00,2025-02-08T00:29:04-08:00,0,61
resume\index.html,66,html,fe187610,Rosey G,2025-01-10,23:03:19,-08:00,2025-01-10T23:03:19-08:00,0,4
resume\index.html,67,html,fe187610,Rosey G,2025-01-10,23:03:19,-08:00,2025-01-10T23:03:19-08:00,0,9
resume\index.html,68,html,fe187610,Rosey G,2025-01-10,23:03:19,-08:00,2025-01-10T23:03:19-08:00,0,0
resume\index.html,69,html,fe187610,Rosey G,2025-01-10,23:03:19,-08:00,2025-01-10T23:03:19-08:00,0,8
resume\index.html,70,html,084d3f5a,Rosey G,2025-02-08,00:59:00,-08:00,2025-02-08T00:59:00-08:00,0,77
resume\index.html,71,html,fe187610,Rosey G,2025-01-10,23:03:19,-08:00,2025-01-10T23:03:19-08:00,0,3
resume\index.html,72,html,e32f1481,Rosey G,2025-02-08,00:29:04,-08:00,2025-02-08T00:29:04-08:00,0,60
resume\index.html,73,html,e32f1481,Rosey G,2025-02-08,00:29:04,-08:00,2025-02-08T00:29:04-08:00,0,122
resume\index.html,74,html,e32f1481,Rosey G,2025-02-08,00:29:04,-08:00,2025-02-08T00:29:04-08:00,0,45
resume\index.html,75,html,fe187610,Rosey G,2025-01-10,23:03:19,-08:00,2025-01-10T23:03:19-08:00,0,4
resume\index.html,76,html,fe187610,Rosey G,2025-01-10,23:03:19,-08:00,2025-01-10T23:03:19-08:00,0,9
resume\index.html,77,html,fe187610,Rosey G,2025-01-10,23:03:19,-08:00,2025-01-10T23:03:19-08:00,0,9
resume\index.html,78,html,fe187610,Rosey G,2025-01-10,23:03:19,-08:00,2025-01-10T23:03:19-08:00,0,0
resume\index.html,79,html,fe187610,Rosey G,2025-01-10,23:03:19,-08:00,2025-01-10T23:03:19-08:00,0,8
resume\index.html,80,html,fe187610,Rosey G,2025-01-10,23:03:19,-08:00,2025-01-10T23:03:19-08:00,0,17
resume\index.html,81,html,e32f1481,Rosey G,2025-02-08,00:29:04,-08:00,2025-02-08T00:29:04-08:00,0,105
resume\index.html,82,html,ed72ef1e,Rosey G,2025-02-08,00:44:50,-08:00,2025-02-08T00:44:50-08:00,0,105
resume\index.html,83,html,fe187610,Rosey G,2025-01-10,23:03:19,-08:00,2025-01-10T23:03:19-08:00,0,9
resume\index.html,84,html,fe187610,Rosey G,2025-01-10,23:03:19,-08:00,2025-01-10T23:03:19-08:00,0,0
resume\index.html,85,html,fe187610,Rosey G,2025-01-10,23:03:19,-08:00,2025-01-10T23:03:19-08:00,0,7
resume\index.html,86,html,3be1d263,Rosey G,2025-02-08,11:22:32,-08:00,2025-02-08T11:22:32-08:00,0,47
resume\index.html,87,html,fe187610,Rosey G,2025-01-10,23:03:19,-08:00,2025-01-10T23:03:19-08:00,0,8
resume\index.html,88,html,5d3719aa,Rosey G,2025-01-23,18:41:47,-08:00,2025-01-23T18:41:47-08:00,0,49
resume\index.html,89,html,fe187610,Rosey G,2025-01-10,23:03:19,-08:00,2025-01-10T23:03:19-08:00,0,6
resume\index.html,90,html,fe187610,Rosey G,2025-01-10,23:03:19,-08:00,2025-01-10T23:03:19-08:00,0,6
projects\projects.js,1,js,1793399d,Rosey G,2025-02-07,21:33:29,-08:00,2025-02-07T21:33:29-08:00,0,40
projects\projects.js,2,js,b4a6c862,Rosey G,2025-02-07,21:25:21,-08:00,2025-02-07T21:25:21-08:00,0,64
projects\projects.js,3,js,0f87f617,Rosey G,2025-01-30,21:56:31,-08:00,2025-01-30T21:56:31-08:00,0,0
projects\projects.js,4,js,1793399d,Rosey G,2025-02-07,21:33:29,-08:00,2025-02-07T21:33:29-08:00,0,17
projects\projects.js,5,js,1793399d,Rosey G,2025-02-07,21:33:29,-08:00,2025-02-07T21:33:29-08:00,0,14
projects\projects.js,6,js,0751f73f,Rosey G,2025-02-07,22:03:25,-08:00,2025-02-07T22:03:25-08:00,0,55
projects\projects.js,7,js,7a4f8eb0,Rosey G,2025-02-08,18:10:46,-08:00,2025-02-08T18:10:46-08:00,0,51
projects\projects.js,8,js,0f87f617,Rosey G,2025-01-30,21:56:31,-08:00,2025-01-30T21:56:31-08:00,0,0
projects\projects.js,9,js,1793399d,Rosey G,2025-02-07,21:33:29,-08:00,2025-02-07T21:33:29-08:00,0,41
projects\projects.js,10,js,1793399d,Rosey G,2025-02-07,21:33:29,-08:00,2025-02-07T21:33:29-08:00,0,61
projects\projects.js,11,js,1793399d,Rosey G,2025-02-07,21:33:29,-08:00,2025-02-07T21:33:29-08:00,0,56
projects\projects.js,12,js,1793399d,Rosey G,2025-02-07,21:33:29,-08:00,2025-02-07T21:33:29-08:00,0,0
projects\projects.js,13,js,1793399d,Rosey G,2025-02-07,21:33:29,-08:00,2025-02-07T21:33:29-08:00,0,24
projects\projects.js,14,js,1793399d,Rosey G,2025-02-07,21:33:29,-08:00,2025-02-07T21:33:29-08:00,0,46
projects\projects.js,15,js,1793399d,Rosey G,2025-02-07,21:33:29,-08:00,2025-02-07T21:33:29-08:00,0,6
projects\projects.js,16,js,1793399d,Rosey G,2025-02-07,21:33:29,-08:00,2025-02-07T21:33:29-08:00,0,0
projects\projects.js,17,js,1793399d,Rosey G,2025-02-07,21:33:29,-08:00,2025-02-07T21:33:29-08:00,0,0
projects\projects.js,18,js,1793399d,Rosey G,2025-02-07,21:33:29,-08:00,2025-02-07T21:33:29-08:00,0,4
projects\projects.js,19,js,1793399d,Rosey G,2025-02-07,21:33:29,-08:00,2025-02-07T21:33:29-08:00,0,21
projects\projects.js,20,js,1793399d,Rosey G,2025-02-07,21:33:29,-08:00,2025-02-07T21:33:29-08:00,0,50
projects\projects.js,21,js,1793399d,Rosey G,2025-02-07,21:33:29,-08:00,2025-02-07T21:33:29-08:00,0,0
projects\projects.js,22,js,1793399d,Rosey G,2025-02-07,21:33:29,-08:00,2025-02-07T21:33:29-08:00,0,32
projects\projects.js,23,js,7a4f8eb0,Rosey G,2025-02-08,18:10:46,-08:00,2025-02-08T18:10:46-08:00,0,52
projects\projects.js,24,js,1793399d,Rosey G,2025-02-07,21:33:29,-08:00,2025-02-07T21:33:29-08:00,0,0
projects\projects.js,25,js,1793399d,Rosey G,2025-02-07,21:33:29,-08:00,2025-02-07T21:33:29-08:00,0,41
projects\projects.js,26,js,1793399d,Rosey G,2025-02-07,21:33:29,-08:00,2025-02-07T21:33:29-08:00,0,17
projects\projects.js,27,js,7a4f8eb0,Rosey G,2025-02-08,18:10:46,-08:00,2025-02-08T18:10:46-08:00,0,49
projects\projects.js,28,js,7a4f8eb0,Rosey G,2025-02-08,18:10:46,-08:00,2025-02-08T18:10:46-08:00,0,53
projects\projects.js,29,js,00000000,Not Committed Yet,2025-02-13,19:33:11,-08:00,2025-02-13T19:33:11-08:00,0,57
projects\projects.js,30,js,7a4f8eb0,Rosey G,2025-02-08,18:10:46,-08:00,2025-02-08T18:10:46-08:00,0,2
projects\projects.js,31,js,0f87f617,Rosey G,2025-01-30,21:56:31,-08:00,2025-01-30T21:56:31-08:00,0,0
projects\projects.js,32,js,0f87f617,Rosey G,2025-01-30,21:56:31,-08:00,2025-01-30T21:56:31-08:00,0,0
projects\projects.js,33,js,1793399d,Rosey G,2025-02-07,21:33:29,-08:00,2025-02-07T21:33:29-08:00,0,30
projects\projects.js,34,js,1793399d,Rosey G,2025-02-07,21:33:29,-08:00,2025-02-07T21:33:29-08:00,0,24
projects\projects.js,35,js,1793399d,Rosey G,2025-02-07,21:33:29,-08:00,2025-02-07T21:33:29-08:00,0,16
projects\projects.js,36,js,1793399d,Rosey G,2025-02-07,21:33:29,-08:00,2025-02-07T21:33:29-08:00,0,61
projects\projects.js,37,js,1793399d,Rosey G,2025-02-07,21:33:29,-08:00,2025-02-07T21:33:29-08:00,0,0
projects\projects.js,38,js,1793399d,Rosey G,2025-02-07,21:33:29,-08:00,2025-02-07T21:33:29-08:00,0,0
projects\projects.js,39,js,1793399d,Rosey G,2025-02-07,21:33:29,-08:00,2025-02-07T21:33:29-08:00,0,0
projects\projects.js,40,js,aceb6dc8,Rosey G,2025-02-07,23:32:11,-08:00,2025-02-07T23:32:11-08:00,0,45
projects\projects.js,41,js,7a4f8eb0,Rosey G,2025-02-08,18:10:46,-08:00,2025-02-08T18:10:46-08:00,0,36
projects\projects.js,42,js,7a4f8eb0,Rosey G,2025-02-08,18:10:46,-08:00,2025-02-08T18:10:46-08:00,0,36
projects\projects.js,43,js,7a4f8eb0,Rosey G,2025-02-08,18:10:46,-08:00,2025-02-08T18:10:46-08:00,0,9
projects\projects.js,44,js,7a4f8eb0,Rosey G,2025-02-08,18:10:46,-08:00,2025-02-08T18:10:46-08:00,0,14
projects\projects.js,45,js,7a4f8eb0,Rosey G,2025-02-08,18:10:46,-08:00,2025-02-08T18:10:46-08:00,0,57
projects\projects.js,46,js,7a4f8eb0,Rosey G,2025-02-08,18:10:46,-08:00,2025-02-08T18:10:46-08:00,0,71
projects\projects.js,47,js,7a4f8eb0,Rosey G,2025-02-08,18:10:46,-08:00,2025-02-08T18:10:46-08:00,0,34
projects\projects.js,48,js,7a4f8eb0,Rosey G,2025-02-08,18:10:46,-08:00,2025-02-08T18:10:46-08:00,0,2
projects\projects.js,49,js,0f87f617,Rosey G,2025-01-30,21:56:31,-08:00,2025-01-30T21:56:31-08:00,0,0
projects\projects.js,50,js,1793399d,Rosey G,2025-02-07,21:33:29,-08:00,2025-02-07T21:33:29-08:00,0,0
projects\projects.js,51,js,1793399d,Rosey G,2025-02-07,21:33:29,-08:00,2025-02-07T21:33:29-08:00,0,42
projects\projects.js,52,js,1793399d,Rosey G,2025-02-07,21:33:29,-08:00,2025-02-07T21:33:29-08:00,0,61
projects\projects.js,53,js,1793399d,Rosey G,2025-02-07,21:33:29,-08:00,2025-02-07T21:33:29-08:00,0,59
projects\projects.js,54,js,1793399d,Rosey G,2025-02-07,21:33:29,-08:00,2025-02-07T21:33:29-08:00,0,0
projects\projects.js,55,js,1793399d,Rosey G,2025-02-07,21:33:29,-08:00,2025-02-07T21:33:29-08:00,0,38
projects\projects.js,56,js,1793399d,Rosey G,2025-02-07,21:33:29,-08:00,2025-02-07T21:33:29-08:00,0,49
projects\projects.js,57,js,1793399d,Rosey G,2025-02-07,21:33:29,-08:00,2025-02-07T21:33:29-08:00,0,20
projects\projects.js,58,js,1793399d,Rosey G,2025-02-07,21:33:29,-08:00,2025-02-07T21:33:29-08:00,0,24
projects\projects.js,59,js,1793399d,Rosey G,2025-02-07,21:33:29,-08:00,2025-02-07T21:33:29-08:00,0,52
projects\projects.js,60,js,1793399d,Rosey G,2025-02-07,21:33:29,-08:00,2025-02-07T21:33:29-08:00,0,28
projects\projects.js,61,js,ff299f18,Rosey G,2025-02-07,22:12:33,-08:00,2025-02-07T22:12:33-08:00,0,68
projects\projects.js,62,js,1793399d,Rosey G,2025-02-07,21:33:29,-08:00,2025-02-07T21:33:29-08:00,0,1
projects\projects.js,63,js,1793399d,Rosey G,2025-02-07,21:33:29,-08:00,2025-02-07T21:33:29-08:00,0,38
projects\projects.js,64,js,1793399d,Rosey G,2025-02-07,21:33:29,-08:00,2025-02-07T21:33:29-08:00,0,2
projects\projects.js,65,js,b4a6c862,Rosey G,2025-02-07,21:25:21,-08:00,2025-02-07T21:25:21-08:00,0,0
projects\projects.js,66,js,b4a6c862,Rosey G,2025-02-07,21:25:21,-08:00,2025-02-07T21:25:21-08:00,0,0
projects\projects.js,67,js,1793399d,Rosey G,2025-02-07,21:33:29,-08:00,2025-02-07T21:33:29-08:00,0,45
projects\projects.js,68,js,1793399d,Rosey G,2025-02-07,21:33:29,-08:00,2025-02-07T21:33:29-08:00,0,43
projects\projects.js,69,js,1793399d,Rosey G,2025-02-07,21:33:29,-08:00,2025-02-07T21:33:29-08:00,0,35
projects\projects.js,70,js,1793399d,Rosey G,2025-02-07,21:33:29,-08:00,2025-02-07T21:33:29-08:00,0,0
projects\projects.js,71,js,1793399d,Rosey G,2025-02-07,21:33:29,-08:00,2025-02-07T21:33:29-08:00,0,33
projects\projects.js,72,js,1793399d,Rosey G,2025-02-07,21:33:29,-08:00,2025-02-07T21:33:29-08:00,0,27
projects\projects.js,73,js,1793399d,Rosey G,2025-02-07,21:33:29,-08:00,2025-02-07T21:33:29-08:00,0,30
projects\projects.js,74,js,1793399d,Rosey G,2025-02-07,21:33:29,-08:00,2025-02-07T21:33:29-08:00,0,0
projects\projects.js,75,js,1793399d,Rosey G,2025-02-07,21:33:29,-08:00,2025-02-07T21:33:29-08:00,0,34
projects\projects.js,76,js,1793399d,Rosey G,2025-02-07,21:33:29,-08:00,2025-02-07T21:33:29-08:00,0,29
projects\projects.js,77,js,1793399d,Rosey G,2025-02-07,21:33:29,-08:00,2025-02-07T21:33:29-08:00,0,19
projects\projects.js,78,js,1793399d,Rosey G,2025-02-07,21:33:29,-08:00,2025-02-07T21:33:29-08:00,0,15
projects\projects.js,79,js,1793399d,Rosey G,2025-02-07,21:33:29,-08:00,2025-02-07T21:33:29-08:00,0,12
projects\projects.js,80,js,1793399d,Rosey G,2025-02-07,21:33:29,-08:00,2025-02-07T21:33:29-08:00,0,1
projects\projects.js,81,js,1793399d,Rosey G,2025-02-07,21:33:29,-08:00,2025-02-07T21:33:29-08:00,0,0
projects\projects.js,82,js,7a4f8eb0,Rosey G,2025-02-08,18:10:46,-08:00,2025-02-08T18:10:46-08:00,0,42
projects\projects.js,83,js,1793399d,Rosey G,2025-02-07,21:33:29,-08:00,2025-02-07T21:33:29-08:00,0,11
projects\projects.js,84,js,1793399d,Rosey G,2025-02-07,21:33:29,-08:00,2025-02-07T21:33:29-08:00,0,12
projects\projects.js,85,js,1793399d,Rosey G,2025-02-07,21:33:29,-08:00,2025-02-07T21:33:29-08:00,0,3
projects\projects.js,86,js,1793399d,Rosey G,2025-02-07,21:33:29,-08:00,2025-02-07T21:33:29-08:00,0,0
projects\projects.js,87,js,ef477d12,Rosey G,2025-02-07,21:37:10,-08:00,2025-02-07T21:37:10-08:00,0,47
projects\projects.js,88,js,1793399d,Rosey G,2025-02-07,21:33:29,-08:00,2025-02-07T21:33:29-08:00,0,0
projects\projects.js,89,js,1793399d,Rosey G,2025-02-07,21:33:29,-08:00,2025-02-07T21:33:29-08:00,0,22
projects\projects.js,90,js,1793399d,Rosey G,2025-02-07,21:33:29,-08:00,2025-02-07T21:33:29-08:00,0,5
projects\projects.js,91,js,1793399d,Rosey G,2025-02-07,21:33:29,-08:00,2025-02-07T21:33:29-08:00,0,14
projects\projects.js,92,js,1793399d,Rosey G,2025-02-07,21:33:29,-08:00,2025-02-07T21:33:29-08:00,0,16
projects\projects.js,93,js,1793399d,Rosey G,2025-02-07,21:33:29,-08:00,2025-02-07T21:33:29-08:00,0,0
projects\projects.js,94,js,1793399d,Rosey G,2025-02-07,21:33:29,-08:00,2025-02-07T21:33:29-08:00,0,42
projects\projects.js,95,js,1793399d,Rosey G,2025-02-07,21:33:29,-08:00,2025-02-07T21:33:29-08:00,0,25
projects\projects.js,96,js,1793399d,Rosey G,2025-02-07,21:33:29,-08:00,2025-02-07T21:33:29-08:00,0,0
projects\projects.js,97,js,0751f73f,Rosey G,2025-02-07,22:03:25,-08:00,2025-02-07T22:03:25-08:00,0,35
projects\projects.js,98,js,1793399d,Rosey G,2025-02-07,21:33:29,-08:00,2025-02-07T21:33:29-08:00,0,26
projects\projects.js,99,js,1793399d,Rosey G,2025-02-07,21:33:29,-08:00,2025-02-07T21:33:29-08:00,0,2
projects\projects.js,100,js,1793399d,Rosey G,2025-02-07,21:33:29,-08:00,2025-02-07T21:33:29-08:00,0,14
projects\projects.js,101,js,1793399d,Rosey G,2025-02-07,21:33:29,-08:00,2025-02-07T21:33:29-08:00,0,26
projects\projects.js,102,js,1793399d,Rosey G,2025-02-07,21:33:29,-08:00,2025-02-07T21:33:29-08:00,0,23
projects\projects.js,103,js,1793399d,Rosey G,2025-02-07,21:33:29,-08:00,2025-02-07T21:33:29-08:00,0,22
projects\projects.js,104,js,0751f73f,Rosey G,2025-02-07,22:03:25,-08:00,2025-02-07T22:03:25-08:00,0,25
projects\projects.js,105,js,0751f73f,Rosey G,2025-02-07,22:03:25,-08:00,2025-02-07T22:03:25-08:00,0,19
projects\projects.js,106,js,7a4f8eb0,Rosey G,2025-02-08,18:10:46,-08:00,2025-02-08T18:10:46-08:00,0,64
projects\projects.js,107,js,7a4f8eb0,Rosey G,2025-02-08,18:10:46,-08:00,2025-02-08T18:10:46-08:00,0,0
projects\projects.js,108,js,7a4f8eb0,Rosey G,2025-02-08,18:10:46,-08:00,2025-02-08T18:10:46-08:00,0,37
projects\projects.js,109,js,0751f73f,Rosey G,2025-02-07,22:03:25,-08:00,2025-02-07T22:03:25-08:00,0,2
projects\projects.js,110,js,0751f73f,Rosey G,2025-02-07,22:03:25,-08:00,2025-02-07T22:03:25-08:00,0,17
projects\projects.js,111,js,0751f73f,Rosey G,2025-02-07,22:03:25,-08:00,2025-02-07T22:03:25-08:00,0,71
projects\projects.js,112,js,7a4f8eb0,Rosey G,2025-02-08,18:10:46,-08:00,2025-02-08T18:10:46-08:00,0,0
projects\projects.js,113,js,0751f73f,Rosey G,2025-02-07,22:03:25,-08:00,2025-02-07T22:03:25-08:00,0,5
projects\projects.js,114,js,0751f73f,Rosey G,2025-02-07,22:03:25,-08:00,2025-02-07T22:03:25-08:00,0,15
projects\projects.js,115,js,0751f73f,Rosey G,2025-02-07,22:03:25,-08:00,2025-02-07T22:03:25-08:00,0,71
projects\projects.js,116,js,7a4f8eb0,Rosey G,2025-02-08,18:10:46,-08:00,2025-02-08T18:10:46-08:00,0,0
projects\projects.js,117,js,00000000,Not Committed Yet,2025-02-13,19:33:11,-08:00,2025-02-13T19:33:11-08:00,0,50
projects\projects.js,118,js,7a4f8eb0,Rosey G,2025-02-08,18:10:46,-08:00,2025-02-08T18:10:46-08:00,0,2
projects\projects.js,119,js,1793399d,Rosey G,2025-02-07,21:33:29,-08:00,2025-02-07T21:33:29-08:00,0,2
projects\projects.js,120,js,1793399d,Rosey G,2025-02-07,21:33:29,-08:00,2025-02-07T21:33:29-08:00,0,0
projects\projects.js,121,js,0751f73f,Rosey G,2025-02-07,22:03:25,-08:00,2025-02-07T22:03:25-08:00,0,32
projects\projects.js,122,js,1793399d,Rosey G,2025-02-07,21:33:29,-08:00,2025-02-07T21:33:29-08:00,0,23
projects\projects.js,123,js,1793399d,Rosey G,2025-02-07,21:33:29,-08:00,2025-02-07T21:33:29-08:00,0,5
projects\projects.js,124,js,1793399d,Rosey G,2025-02-07,21:33:29,-08:00,2025-02-07T21:33:29-08:00,0,12
projects\projects.js,125,js,1793399d,Rosey G,2025-02-07,21:33:29,-08:00,2025-02-07T21:33:29-08:00,0,37
projects\projects.js,126,js,0751f73f,Rosey G,2025-02-07,22:03:25,-08:00,2025-02-07T22:03:25-08:00,0,60
projects\projects.js,127,js,0751f73f,Rosey G,2025-02-07,22:03:25,-08:00,2025-02-07T22:03:25-08:00,0,19
projects\projects.js,128,js,0751f73f,Rosey G,2025-02-07,22:03:25,-08:00,2025-02-07T22:03:25-08:00,0,22
projects\projects.js,129,js,0751f73f,Rosey G,2025-02-07,22:03:25,-08:00,2025-02-07T22:03:25-08:00,0,66
projects\projects.js,130,js,7a4f8eb0,Rosey G,2025-02-08,18:10:46,-08:00,2025-02-08T18:10:46-08:00,0,47
projects\projects.js,131,js,0751f73f,Rosey G,2025-02-07,22:03:25,-08:00,2025-02-07T22:03:25-08:00,0,2
projects\projects.js,132,js,1793399d,Rosey G,2025-02-07,21:33:29,-08:00,2025-02-07T21:33:29-08:00,0,2
projects\projects.js,133,js,b4a6c862,Rosey G,2025-02-07,21:25:21,-08:00,2025-02-07T21:25:21-08:00,0,0
projects\projects.js,134,js,0f87f617,Rosey G,2025-01-30,21:56:31,-08:00,2025-01-30T21:56:31-08:00,0,0
projects\projects.js,135,js,7a4f8eb0,Rosey G,2025-02-08,18:10:46,-08:00,2025-02-08T18:10:46-08:00,0,46
projects\projects.js,136,js,7a4f8eb0,Rosey G,2025-02-08,18:10:46,-08:00,2025-02-08T18:10:46-08:00,0,19
projects\projects.js,137,js,7a4f8eb0,Rosey G,2025-02-08,18:10:46,-08:00,2025-02-08T18:10:46-08:00,0,98
projects\projects.js,138,js,7a4f8eb0,Rosey G,2025-02-08,18:10:46,-08:00,2025-02-08T18:10:46-08:00,0,79
projects\projects.js,139,js,7a4f8eb0,Rosey G,2025-02-08,18:10:46,-08:00,2025-02-08T18:10:46-08:00,0,0
projects\projects.js,140,js,7a4f8eb0,Rosey G,2025-02-08,18:10:46,-08:00,2025-02-08T18:10:46-08:00,0,82
projects\projects.js,141,js,7a4f8eb0,Rosey G,2025-02-08,18:10:46,-08:00,2025-02-08T18:10:46-08:00,0,64
projects\projects.js,142,js,7a4f8eb0,Rosey G,2025-02-08,18:10:46,-08:00,2025-02-08T18:10:46-08:00,0,0
projects\projects.js,143,js,7a4f8eb0,Rosey G,2025-02-08,18:10:46,-08:00,2025-02-08T18:10:46-08:00,0,38
projects\projects.js,144,js,7a4f8eb0,Rosey G,2025-02-08,18:10:46,-08:00,2025-02-08T18:10:46-08:00,0,20
projects\projects.js,145,js,7a4f8eb0,Rosey G,2025-02-08,18:10:46,-08:00,2025-02-08T18:10:46-08:00,0,79
projects\projects.js,146,js,7a4f8eb0,Rosey G,2025-02-08,18:10:46,-08:00,2025-02-08T18:10:46-08:00,0,0
projects\projects.js,147,js,7a4f8eb0,Rosey G,2025-02-08,18:10:46,-08:00,2025-02-08T18:10:46-08:00,0,0
projects\projects.js,148,js,7a4f8eb0,Rosey G,2025-02-08,18:10:46,-08:00,2025-02-08T18:10:46-08:00,0,0
projects\projects.js,149,js,1793399d,Rosey G,2025-02-07,21:33:29,-08:00,2025-02-07T21:33:29-08:00,0,54
projects\projects.js,150,js,0751f73f,Rosey G,2025-02-07,22:03:25,-08:00,2025-02-07T22:03:25-08:00,0,25
projects\index.html,1,html,8be353ee,Rosey G,2025-01-10,16:05:03,-08:00,2025-01-10T16:05:03-08:00,0,14
projects\index.html,2,html,8be353ee,Rosey G,2025-01-10,16:05:03,-08:00,2025-01-10T16:05:03-08:00,0,15
projects\index.html,3,html,8be353ee,Rosey G,2025-01-10,16:05:03,-08:00,2025-01-10T16:05:03-08:00,0,5
projects\index.html,4,html,8be353ee,Rosey G,2025-01-10,16:05:03,-08:00,2025-01-10T16:05:03-08:00,0,21
projects\index.html,5,html,8be353ee,Rosey G,2025-01-10,16:05:03,-08:00,2025-01-10T16:05:03-08:00,0,69
projects\index.html,6,html,8be353ee,Rosey G,2025-01-10,16:05:03,-08:00,2025-01-10T16:05:03-08:00,0,22
projects\index.html,7,html,235710ef,Rosey G,2025-01-17,21:25:39,-08:00,2025-01-17T21:25:39-08:00,0,42
projects\index.html,8,html,8be353ee,Rosey G,2025-01-10,16:05:03,-08:00,2025-01-10T16:05:03-08:00,0,6
projects\index.html,9,html,8be353ee,Rosey G,2025-01-10,16:05:03,-08:00,2025-01-10T16:05:03-08:00,0,5
projects\index.html,10,html,b4a6c862,Rosey G,2025-02-07,21:25:21,-08:00,2025-02-07T21:25:21-08:00,0,16
projects\index.html,11,html,b4a6c862,Rosey G,2025-02-07,21:25:21,-08:00,2025-02-07T21:25:21-08:00,0,22
projects\index.html,12,html,b4a6c862,Rosey G,2025-02-07,21:25:21,-08:00,2025-02-07T21:25:21-08:00,0,0
projects\index.html,13,html,b4a6c862,Rosey G,2025-02-07,21:25:21,-08:00,2025-02-07T21:25:21-08:00,0,53
projects\index.html,14,html,b4a6c862,Rosey G,2025-02-07,21:25:21,-08:00,2025-02-07T21:25:21-08:00,0,54
projects\index.html,15,html,b4a6c862,Rosey G,2025-02-07,21:25:21,-08:00,2025-02-07T21:25:21-08:00,0,5
projects\index.html,16,html,b4a6c862,Rosey G,2025-02-07,21:25:21,-08:00,2025-02-07T21:25:21-08:00,0,18
projects\index.html,17,html,b4a6c862,Rosey G,2025-02-07,21:25:21,-08:00,2025-02-07T21:25:21-08:00,0,51
projects\index.html,18,html,b4a6c862,Rosey G,2025-02-07,21:25:21,-08:00,2025-02-07T21:25:21-08:00,0,4
projects\index.html,19,html,b4a6c862,Rosey G,2025-02-07,21:25:21,-08:00,2025-02-07T21:25:21-08:00,0,5
projects\index.html,20,html,b4a6c862,Rosey G,2025-02-07,21:25:21,-08:00,2025-02-07T21:25:21-08:00,0,0
projects\index.html,21,html,b4a6c862,Rosey G,2025-02-07,21:25:21,-08:00,2025-02-07T21:25:21-08:00,0,5
projects\index.html,22,html,b4a6c862,Rosey G,2025-02-07,21:25:21,-08:00,2025-02-07T21:25:21-08:00,0,16
projects\index.html,23,html,b4a6c862,Rosey G,2025-02-07,21:25:21,-08:00,2025-02-07T21:25:21-08:00,0,12
projects\index.html,24,html,b4a6c862,Rosey G,2025-02-07,21:25:21,-08:00,2025-02-07T21:25:21-08:00,0,27
projects\index.html,25,html,b4a6c862,Rosey G,2025-02-07,21:25:21,-08:00,2025-02-07T21:25:21-08:00,0,34
projects\index.html,26,html,b4a6c862,Rosey G,2025-02-07,21:25:21,-08:00,2025-02-07T21:25:21-08:00,0,0
projects\index.html,27,html,b4a6c862,Rosey G,2025-02-07,21:25:21,-08:00,2025-02-07T21:25:21-08:00,0,21
projects\index.html,28,html,b4a6c862,Rosey G,2025-02-07,21:25:21,-08:00,2025-02-07T21:25:21-08:00,0,50
projects\index.html,29,html,b4a6c862,Rosey G,2025-02-07,21:25:21,-08:00,2025-02-07T21:25:21-08:00,0,5
projects\index.html,30,html,b4a6c862,Rosey G,2025-02-07,21:25:21,-08:00,2025-02-07T21:25:21-08:00,0,0
projects\index.html,31,html,b4a6c862,Rosey G,2025-02-07,21:25:21,-08:00,2025-02-07T21:25:21-08:00,0,0
projects\index.html,32,html,0f87f617,Rosey G,2025-01-30,21:56:31,-08:00,2025-01-30T21:56:31-08:00,0,49
projects\index.html,33,html,3792eebb,Rosey G,2025-01-30,23:52:08,-08:00,2025-01-30T23:52:08-08:00,0,50
projects\index.html,34,html,8be353ee,Rosey G,2025-01-10,16:05:03,-08:00,2025-01-10T16:05:03-08:00,0,6
projects\index.html,35,html,8be353ee,Rosey G,2025-01-10,16:05:03,-08:00,2025-01-10T16:05:03-08:00,0,6
contact\index.html,1,html,8be353ee,Rosey G,2025-01-10,16:05:03,-08:00,2025-01-10T16:05:03-08:00,0,14
contact\index.html,2,html,8be353ee,Rosey G,2025-01-10,16:05:03,-08:00,2025-01-10T16:05:03-08:00,0,15
contact\index.html,3,html,8be353ee,Rosey G,2025-01-10,16:05:03,-08:00,2025-01-10T16:05:03-08:00,0,5
contact\index.html,4,html,8be353ee,Rosey G,2025-01-10,16:05:03,-08:00,2025-01-10T16:05:03-08:00,0,21
contact\index.html,5,html,8be353ee,Rosey G,2025-01-10,16:05:03,-08:00,2025-01-10T16:05:03-08:00,0,69
contact\index.html,6,html,e1db0a98,Rosey G,2025-01-17,23:42:22,-08:00,2025-01-17T23:42:22-08:00,0,24
contact\index.html,7,html,235710ef,Rosey G,2025-01-17,21:25:39,-08:00,2025-01-17T21:25:39-08:00,0,42
contact\index.html,8,html,8be353ee,Rosey G,2025-01-10,16:05:03,-08:00,2025-01-10T16:05:03-08:00,0,6
contact\index.html,9,html,8be353ee,Rosey G,2025-01-10,16:05:03,-08:00,2025-01-10T16:05:03-08:00,0,5
contact\index.html,10,html,d51ee9e7,Rosey G,2025-01-17,21:08:15,-08:00,2025-01-17T21:08:15-08:00,0,15
contact\index.html,11,html,d51ee9e7,Rosey G,2025-01-17,21:08:15,-08:00,2025-01-17T21:08:15-08:00,0,0
contact\index.html,12,html,2217a412,Rosey G,2025-01-24,20:56:10,-08:00,2025-01-24T20:56:10-08:00,0,47
contact\index.html,13,html,0cddc77a,Rosey G,2025-01-17,22:19:17,-08:00,2025-01-17T22:19:17-08:00,0,6
contact\index.html,14,html,0cddc77a,Rosey G,2025-01-17,22:19:17,-08:00,2025-01-17T22:19:17-08:00,0,20
contact\index.html,15,html,0cddc77a,Rosey G,2025-01-17,22:19:17,-08:00,2025-01-17T22:19:17-08:00,0,33
contact\index.html,16,html,0cddc77a,Rosey G,2025-01-17,22:19:17,-08:00,2025-01-17T22:19:17-08:00,0,7
contact\index.html,17,html,0cddc77a,Rosey G,2025-01-17,22:19:17,-08:00,2025-01-17T22:19:17-08:00,0,6
contact\index.html,18,html,0cddc77a,Rosey G,2025-01-17,22:19:17,-08:00,2025-01-17T22:19:17-08:00,0,20
contact\index.html,19,html,0cddc77a,Rosey G,2025-01-17,22:19:17,-08:00,2025-01-17T22:19:17-08:00,0,32
contact\index.html,20,html,0cddc77a,Rosey G,2025-01-17,22:19:17,-08:00,2025-01-17T22:19:17-08:00,0,7
contact\index.html,21,html,b3dcc8a0,Rosey G,2025-01-17,20:53:52,-08:00,2025-01-17T20:53:52-08:00,0,34
contact\index.html,22,html,b3dcc8a0,Rosey G,2025-01-17,20:53:52,-08:00,2025-01-17T20:53:52-08:00,0,6
contact\index.html,23,html,5d3719aa,Rosey G,2025-01-23,18:41:47,-08:00,2025-01-23T18:41:47-08:00,0,49
contact\index.html,24,html,8be353ee,Rosey G,2025-01-10,16:05:03,-08:00,2025-01-10T16:05:03-08:00,0,6
contact\index.html,25,html,8be353ee,Rosey G,2025-01-10,16:05:03,-08:00,2025-01-10T16:05:03-08:00,0,6
